scenario,conversion,schedule,grade,mu,finish_min_c,roll_d_mm,speed_m_s,index,heat,direction,reheat_before,entry_h,exit_h,draft,reduction_pct,cum_reduction_pct,entry_b,exit_b,exit_len_mm,exit_mass_kg,bite_angle_deg,mu_required,bite_limit_mm,bite_ok,contact_len_mm,strain,strain_rate_s,flow_stress_mpa,q_p,mean_pressure_mpa,force_n,torque_per_roll_nm,torque_total_nm,power_kw,speed_m_s,roll_rpm,rolling_time_s,entry_temp_c,chill_c,deformation_heat_c,exit_temp_c,transfer_after_s,transfer_loss_c,gap_crown_mm,crown_pct_of_h,point_load_deflection_mm,neck_stress_mpa,stretch_mm_low_modulus,stretch_mm_high_modulus,below_finish
S1,A 12->10,brief,S235JR,0.3,800.0,400.0,0.6,1,1,forward,False,12.0,10.0,2.0,16.6667,16.6667,250.0,250.0079,599.9811,11.775,5.732,0.1004,10.1515,True,20.0,0.1823,5.4696,96.7294,1.2727,123.1101,615560.1351,6180.2238,12360.4475,37.0813,0.6,28.6479,1.0,1067.3133,15.176,3.6763,1049.4984,0.0,0.0,0.011,0.1099,0.0277,44.1635,1.2311,0.4104,False
S1,A 12->8,brief,S235JR,0.3,800.0,400.0,0.6,1,1,forward,False,12.0,10.0,2.0,16.6667,16.6667,250.0,250.0079,599.9811,11.775,5.732,0.1004,10.1515,True,20.0,0.1823,5.4696,96.7294,1.2727,123.1101,615560.1351,6180.2238,12360.4475,37.0813,0.6,28.6479,1.0,1067.3133,15.176,3.6763,1049.4984,8.0,46.7824,0.011,0.1099,0.0277,44.1635,1.2311,0.4104,False
S1,A 12->8,brief,S235JR,0.3,800.0,400.0,0.6,2,1,reverse,False,10.0,8.0,2.0,20.0,33.3333,250.0079,250.0125,749.9625,11.775,5.732,0.1004,10.1515,True,20.0,0.2231,6.6943,124.8113,1.3333,166.415,832109.0436,8354.3748,16708.7496,50.1262,0.6,28.6479,1.2499,1002.716,17.2423,6.0821,983.4912,0.0,0.0,0.0149,0.1857,0.0374,59.6999,1.6642,0.5547,False
S1,A 12->6,brief,S235JR,0.3,800.0,400.0,0.6,1,1,forward,False,12.0,9.5,2.5,20.8333,20.8333,250.0,250.0101,631.5535,11.775,6.4092,0.1123,10.1515,True,22.3607,0.2336,6.2685,102.1891,1.312,134.0731,749506.4412,8374.3301,16748.6602,50.246,0.6,28.6479,1.0526,1067.3133,17.3619,5.13,1048.1288,8.0,48.7444,0.0134,0.1409,0.0337,53.7735,1.499,0.4997,False
S1,A 12->6,brief,S235JR,0.3,800.0,400.0,0.6,2,1,reverse,False,9.5,7.5,2.0,21.0526,37.5,250.0101,250.014,799.9551,11.775,5.732,0.1004,10.1515,True,20.0,0.2364,7.0917,128.1468,1.3529,173.3751,866917.2926,8703.8496,17407.6992,52.2231,0.6,28.6479,1.3333,999.3843,18.1852,6.7126,978.876,8.0,49.602,0.0155,0.2064,0.039,62.1972,1.7338,0.5779,False
S1,A 12->6,brief,S235JR,0.3,800.0,400.0,0.6,3,1,forward,False,7.5,6.0,1.5,20.0,50.0,250.014,250.0153,999.9387,11.775,4.9635,0.0868,10.1515,True,17.3205,0.2231,7.7299,159.3287,1.3849,220.6543,955517.3128,8364.4494,16728.8988,50.1867,0.6,28.6479,1.6666,929.274,18.1949,8.0644,907.827,0.0,0.0,0.0171,0.2843,0.0429,68.5539,1.911,0.637,False
S1,C 15->10,brief,S235JR,0.3,800.0,400.0,0.6,1,1,forward,False,15.0,12.5,2.5,16.6667,16.6667,200.0,200.0685,839.7124,16.485,6.4092,0.1123,10.1515,True,22.3607,0.1823,4.8922,89.4228,1.2439,111.2361,497548.3143,5559.1702,11118.3403,33.355,0.6,28.6479,1.3995,1088.1722,13.8825,3.3217,1069.9635,8.0,40.8051,0.0064,0.0511,0.0234,35.6967,0.9951,0.3317,False
S1,C 15->10,brief,S235JR,0.3,800.0,400.0,0.6,2,1,reverse,False,12.5,10.0,2.5,20.0,33.3333,200.0685,200.1178,1049.382,16.485,6.4092,0.1123,10.1515,True,22.3607,0.2231,5.9876,113.4225,1.2981,147.2386,658777.7922,7360.6075,14721.2149,44.1636,0.6,28.6479,1.749,1029.1584,15.9002,5.3812,1008.7382,0.0,0.0,0.0085,0.0845,0.031,47.2642,1.3176,0.4392,False
S1,C 15->8,brief,S235JR,0.3,800.0,400.0,0.6,1,1,forward,False,15.0,12.0,3.0,20.0,20.0,200.0,200.0838,874.6333,16.485,7.0217,0.1232,10.1515,True,24.4949,0.2231,5.4659,93.5127,1.2722,118.9636,582922.4325,7110.226,14220.4519,42.6614,0.6,28.6479,1.4577,1088.1722,15.4891,4.3478,1068.7809,8.0,42.1391,0.0075,0.0623,0.0274,41.8219,1.1658,0.3886,False
S1,C 15->8,brief,S235JR,0.3,800.0,400.0,0.6,2,1,reverse,False,12.0,10.0,2.0,16.6667,33.3333,200.0838,200.1194,1049.3736,16.485,5.732,0.1004,10.1515,True,20.0,0.1823,5.4696,109.5936,1.2727,139.4827,558214.2814,5604.4714,11208.9428,33.6268,0.6,28.6479,1.749,1026.6418,14.5031,4.1652,1006.4688,8.0,41.6753,0.0072,0.0716,0.0262,40.0492,1.1164,0.3721,False
S1,C 15->8,brief,S235JR,0.3,800.0,400.0,0.6,3,1,forward,False,10.0,8.0,2.0,20.0,46.6667,200.1194,200.1436,1311.5584,16.485,5.732,0.1004,10.1515,True,20.0,0.2231,6.6943,140.2217,1.3333,186.9623,748340.7891,7513.3415,15026.683,45.08,0.6,28.6479,2.1859,964.7935,16.4755,6.833,942.5528,0.0,0.0,0.0096,0.1201,0.0352,53.6899,1.4967,0.4989,False
S1,C 15->6,brief,S235JR,0.3,800.0,400.0,0.6,1,1,forward,False,15.0,11.5,3.5,23.3333,23.3333,200.0,200.0998,912.5879,16.485,7.5851,0.1332,10.1515,True,26.4575,0.2657,6.0256,97.2179,1.2995,126.3366,668677.1303,8786.1542,17572.3085,52.7169,0.6,28.6479,1.521,1088.1722,17.0458,5.4979,1067.6902,8.0,43.5973,0.0086,0.0746,0.0314,47.9744,1.3374,0.4458,False
S1,C 15->6,brief,S235JR,0.3,800.0,400.0,0.6,2,1,reverse,False,11.5,9.0,2.5,21.7391,40.0,200.0998,200.1417,1165.8408,16.485,6.4092,0.1123,10.1515,True,22.3607,0.2451,6.5773,118.2706,1.3272,156.9722,702424.9729,7848.2829,15696.5659,47.0897,0.6,28.6479,1.9431,1024.0929,17.3509,6.302,1001.1303,8.0,45.0594,0.009,0.1002,0.033,50.3957,1.4048,0.4683,False
S1,C 15->6,brief,S235JR,0.3,800.0,400.0,0.6,3,1,forward,False,9.0,7.5,1.5,16.6667,50.0,200.1417,200.1555,1398.9126,16.485,4.9635,0.0868,10.1515,True,17.3205,0.1823,6.3158,138.6746,1.3149,182.3458,632133.6191,5533.599,11067.198,33.2016,0.6,28.6479,2.3315,956.0709,15.3986,5.4451,932.2424,8.0,43.532,0.0081,0.1082,0.0297,45.3526,1.2643,0.4214,False
S1,C 15->6,brief,S235JR,0.3,800.0,400.0,0.6,4,1,reverse,False,7.5,6.0,1.5,20.0,60.0,200.1555,200.1641,1748.5649,16.485,4.9635,0.0868,10.1515,True,17.3205,0.2231,7.7299,180.4582,1.3849,249.9166,866428.3636,7584.5786,15169.1572,45.5075,0.6,28.6479,2.9143,888.7104,17.2478,9.1339,863.1895,0.0,0.0,0.0111,0.1854,0.0407,62.1621,1.7329,0.5776,False
S1,B 20->10,brief,S235JR,0.3,800.0,400.0,0.6,1,1,forward,False,20.0,16.0,4.0,20.0,20.0,300.0,300.0169,499.9719,18.84,8.1096,0.1425,10.1515,True,28.2843,0.2231,4.7336,85.3754,1.2357,105.4986,895210.4966,12547.6733,25095.3467,75.286,0.6,28.6479,0.8333,1111.7355,13.7509,3.8557,1097.9886,8.0,35.0275,0.0209,0.1309,0.0381,64.2271,1.7904,0.5968,False
S1,B 20->10,brief,S235JR,0.3,800.0,400.0,0.6,2,1,reverse,False,16.0,13.0,3.0,18.75,35.0,300.0169,300.0235,615.3365,18.84,7.0217,0.1232,10.1515,True,24.4949,0.2076,5.0861,99.021,1.2534,124.1125,912097.8163,11125.3594,22250.7188,66.7522,0.6,28.6479,1.0256,1062.961,14.0334,4.2208,1048.1608,8.0,36.64,0.0213,0.1642,0.0388,65.4387,1.8242,0.6081,False
S1,B 20->10,brief,S235JR,0.3,800.0,400.0,0.6,3,1,forward,False,13.0,10.0,3.0,23.0769,50.0,300.0235,300.0269,799.9282,18.84,7.0217,0.1232,10.1515,True,24.4949,0.2624,6.4266,123.8107,1.3195,163.3681,1200606.1859,14644.4549,29288.9098,87.8667,0.6,28.6479,1.3332,1011.5208,16.6973,7.0202,994.7224,0.0,0.0,0.0281,0.2809,0.051,86.1378,2.4012,0.8004,False
S1,B 20->8,brief,S235JR,0.3,800.0,400.0,0.6,1,1,forward,False,20.0,16.0,4.0,20.0,20.0,300.0,300.0169,499.9719,18.84,8.1096,0.1425,10.1515,True,28.2843,0.2231,4.7336,85.3754,1.2357,105.4986,895210.4966,12547.6733,25095.3467,75.286,0.6,28.6479,0.8333,1111.7355,13.7509,3.8557,1097.9886,8.0,35.0275,0.0209,0.1309,0.0381,64.2271,1.7904,0.5968,False
S1,B 20->8,brief,S235JR,0.3,800.0,400.0,0.6,2,1,reverse,False,16.0,12.5,3.5,21.875,37.5,300.0169,300.0247,639.9473,18.84,7.5851,0.1332,10.1515,True,26.4575,0.2469,5.5983,102.9,1.2785,131.5576,1044278.5382,13721.4089,27442.8177,82.3285,0.6,28.6479,1.0666,1062.961,15.4237,5.3191,1047.4856,8.0,37.8498,0.0244,0.1955,0.0444,74.9221,2.0886,0.6962,False
S1,B 20->8,brief,S235JR,0.3,800.0,400.0,0.6,3,1,forward,False,12.5,10.0,2.5,20.0,50.0,300.0247,300.0272,799.9275,18.84,6.4092,0.1123,10.1515,True,22.3607,0.2231,5.9876,120.4283,1.2981,156.3331,1048805.2155,11718.4331,23436.8663,70.3106,0.6,28.6479,1.3332,1009.6357,15.5471,5.7136,992.7232,8.0,39.6109,0.0245,0.2454,0.0446,75.2468,2.0976,0.6992,False
S1,B 20->8,brief,S235JR,0.3,800.0,400.0,0.6,4,1,reverse,False,10.0,8.0,2.0,20.0,60.0,300.0272,300.028,999.9066,18.84,5.732,0.1004,10.1515,True,20.0,0.2231,6.6943,145.3415,1.3333,193.7887,1162839.1414,11674.905,23349.81,70.0494,0.6,28.6479,1.6665,953.1123,16.2393,7.0825,934.7273,0.0,0.0,0.0272,0.3401,0.0494,83.4282,2.3257,0.7752,False
S1,B 20->6,brief,S235JR,0.3,800.0,400.0,0.6,1,1,forward,False,20.0,16.0,4.0,20.0,20.0,300.0,300.0169,499.9719,18.84,8.1096,0.1425,10.1515,True,28.2843,0.2231,4.7336,85.3754,1.2357,105.4986,895210.4966,12547.6733,25095.3467,75.286,0.6,28.6479,0.8333,1111.7355,13.7509,3.8557,1097.9886,8.0,35.0275,0.0209,0.1309,0.0381,64.2271,1.7904,0.5968,False
S1,B 20->6,brief,S235JR,0.3,800.0,400.0,0.6,2,1,reverse,False,16.0,12.5,3.5,21.875,37.5,300.0169,300.0247,639.9473,18.84,7.5851,0.1332,10.1515,True,26.4575,0.2469,5.5983,102.9,1.2785,131.5576,1044278.5382,13721.4089,27442.8177,82.3285,0.6,28.6479,1.0666,1062.961,15.4237,5.3191,1047.4856,8.0,37.8498,0.0244,0.1955,0.0444,74.9221,2.0886,0.6962,False
S1,B 20->6,brief,S235JR,0.3,800.0,400.0,0.6,3,1,forward,False,12.5,9.5,3.0,24.0,52.5,300.0247,300.0277,842.0274,18.84,7.0217,0.1232,10.1515,True,24.4949,0.2744,6.7223,126.1079,1.334,168.2306,1236345.3251,15080.3849,30160.7697,90.4823,0.6,28.6479,1.4034,1009.6357,17.4181,7.5617,991.9656,8.0,41.378,0.0289,0.3045,0.0526,88.7019,2.4727,0.8242,False
S1,B 20->6,brief,S235JR,0.3,800.0,400.0,0.6,4,1,reverse,False,9.5,7.5,2.0,21.0526,62.5,300.0277,300.0284,1066.5656,18.84,5.732,0.1004,10.1515,True,20.0,0.2364,7.0917,148.8565,1.3529,201.3941,1208477.625,12133.1154,24266.2307,72.7987,0.6,28.6479,1.7776,950.5875,17.1404,7.7974,930.8746,8.0,42.9374,0.0283,0.377,0.0514,86.7026,2.417,0.8057,False
S1,B 20->6,brief,S235JR,0.3,800.0,400.0,0.6,5,1,forward,False,7.5,6.0,1.5,20.0,70.0,300.0284,300.0286,1333.2061,18.84,4.9635,0.0868,10.1515,True,17.3205,0.2231,7.7299,180.8871,1.3849,250.5106,1301814.9857,11395.8851,22791.7703,68.3753,0.6,28.6479,2.222,887.9372,17.2297,9.1556,866.6469,0.0,0.0,0.0305,0.5077,0.0553,93.3991,2.6036,0.8679,False
S1,A 12->10,recommended,S235JR,0.3,800.0,400.0,0.6,1,1,forward,False,12.0,10.0,2.0,16.6667,16.6667,250.0,250.0079,599.9811,11.775,5.732,0.1004,10.1515,True,20.0,0.1823,5.4696,96.7294,1.2727,123.1101,615560.1351,6180.2238,12360.4475,37.0813,0.6,28.6479,1.0,1067.3133,15.176,3.6763,1049.4984,0.0,0.0,0.011,0.1099,0.0277,44.1635,1.2311,0.4104,False
S1,A 12->8,recommended,S235JR,0.3,800.0,400.0,0.6,1,1,forward,False,12.0,9.8,2.2,18.3333,18.3333,250.0,250.0087,612.2235,11.775,6.012,0.1053,10.1515,True,20.9762,0.2025,5.793,99.0026,1.2887,127.581,669052.1917,7030.7784,14061.5568,42.1847,0.6,28.6479,1.0204,1067.3133,16.0627,4.2319,1048.9245,8.0,47.5405,0.0119,0.1219,0.0301,48.0013,1.3381,0.446,False
S1,A 12->8,recommended,S235JR,0.3,800.0,400.0,0.6,2,1,reverse,False,9.8,8.0,1.8,18.3673,33.3333,250.0087,250.0126,749.9621,11.775,5.4376,0.0952,10.1515,True,18.9737,0.2029,6.4176,122.8751,1.3198,162.1682,769264.2657,7344.4426,14688.8852,44.0667,0.6,28.6479,1.2499,1001.3839,16.5154,5.3903,982.2247,0.0,0.0,0.0137,0.1717,0.0346,55.1911,1.5385,0.5128,False
S1,A 12->6,recommended,S235JR,0.3,800.0,400.0,0.6,1,1,forward,False,12.0,9.5,2.5,20.8333,20.8333,250.0,250.0101,631.5535,11.775,6.4092,0.1123,10.1515,True,22.3607,0.2336,6.2685,102.1891,1.312,134.0731,749506.4412,8374.3301,16748.6602,50.246,0.6,28.6479,1.0526,1067.3133,17.3619,5.13,1048.1288,8.0,48.7444,0.0134,0.1409,0.0337,53.7735,1.499,0.4997,False
S1,A 12->6,recommended,S235JR,0.3,800.0,400.0,0.6,2,1,reverse,False,9.5,7.5,2.0,21.0526,37.5,250.0101,250.014,799.9551,11.775,5.732,0.1004,10.1515,True,20.0,0.2364,7.0917,128.1468,1.3529,173.3751,866917.2926,8703.8496,17407.6992,52.2231,0.6,28.6479,1.3333,999.3843,18.1852,6.7126,978.876,8.0,49.602,0.0155,0.2064,0.039,62.1972,1.7338,0.5779,False
S1,A 12->6,recommended,S235JR,0.3,800.0,400.0,0.6,3,1,forward,False,7.5,6.0,1.5,20.0,50.0,250.014,250.0153,999.9387,11.775,4.9635,0.0868,10.1515,True,17.3205,0.2231,7.7299,159.3287,1.3849,220.6543,955517.3128,8364.4494,16728.8988,50.1867,0.6,28.6479,1.6666,929.274,18.1949,8.0644,907.827,0.0,0.0,0.0171,0.2843,0.0429,68.5539,1.911,0.637,False
S1,C 15->10,recommended,S235JR,0.3,800.0,400.0,0.6,1,1,forward,False,15.0,12.2,2.8,18.6667,18.6667,200.0,200.0776,860.3218,16.485,6.7833,0.1189,10.1515,True,23.6643,0.2066,5.2386,91.9304,1.261,115.9246,548761.9102,6474.7722,12949.5444,38.8486,0.6,28.6479,1.4339,1088.1722,14.8539,3.9229,1069.2412,8.0,41.5912,0.007,0.0577,0.0258,39.3711,1.0975,0.3658,False
S1,C 15->10,recommended,S235JR,0.3,800.0,400.0,0.6,2,1,reverse,False,12.2,10.0,2.2,18.0328,33.3333,200.0776,200.1184,1049.3787,16.485,6.012,0.1053,10.1515,True,20.9762,0.1989,5.6879,111.2508,1.2835,142.7862,599315.2925,6297.9437,12595.8873,37.7877,0.6,28.6479,1.749,1027.65,15.0913,4.6504,1007.3484,0.0,0.0,0.0077,0.0769,0.0282,42.998,1.1986,0.3995,False
S1,C 15->8,recommended,S235JR,0.3,800.0,400.0,0.6,1,1,forward,False,15.0,12.2,2.8,18.6667,18.6667,200.0,200.0776,860.3218,16.485,6.7833,0.1189,10.1515,True,23.6643,0.2066,5.2386,91.9304,1.261,115.9246,548761.9102,6474.7722,12949.5444,38.8486,0.6,28.6479,1.4339,1088.1722,14.8539,3.9229,1069.2412,8.0,41.5912,0.007,0.0577,0.0258,39.3711,1.0975,0.3658,False
S1,C 15->8,recommended,S235JR,0.3,800.0,400.0,0.6,2,1,reverse,False,12.2,9.9,2.3,18.8525,34.0,200.0776,200.1205,1059.9676,16.485,6.1472,0.1077,10.1515,True,21.4476,0.2089,5.844,112.4719,1.2911,145.2175,623222.0846,6690.1975,13380.395,40.1412,0.6,28.6479,1.7666,1027.65,15.5003,4.9686,1007.0695,8.0,42.1164,0.008,0.0808,0.0293,44.7132,1.2464,0.4155,False
S1,C 15->8,recommended,S235JR,0.3,800.0,400.0,0.6,3,1,forward,False,9.9,8.0,1.9,19.1919,46.6667,200.1205,200.1428,1311.5634,16.485,5.5867,0.0978,10.1515,True,19.4936,0.2131,6.5589,138.8182,1.3267,184.1712,718504.2213,7039.1302,14078.2604,42.2348,0.6,28.6479,2.1859,964.9531,16.1512,6.4279,942.6285,0.0,0.0,0.0092,0.1153,0.0338,51.5493,1.437,0.479,False
S1,C 15->6,recommended,S235JR,0.3,800.0,400.0,0.6,1,1,forward,False,15.0,10.6,4.4,29.3333,29.3333,200.0,200.1305,989.9202,16.485,8.5061,0.1496,10.1515,True,29.6648,0.3472,7.0224,103.2325,1.3476,139.1196,825660.2136,12119.9497,24239.8995,72.7197,0.6,28.6479,1.6499,1088.1722,19.7841,7.9111,1065.8784,8.0,46.5769,0.0106,0.1,0.0388,59.2372,1.6513,0.5504,False
S1,C 15->6,recommended,S235JR,0.3,800.0,400.0,0.6,2,1,reverse,False,10.6,7.5,3.1,29.2453,50.0,200.1305,200.1759,1398.7695,16.485,7.1379,0.1252,10.1515,True,24.8998,0.346,8.3362,130.3436,1.4127,184.1369,917696.6213,11372.0081,22744.0162,68.232,0.6,28.6479,2.3313,1019.3015,21.7631,10.4335,991.34,8.0,51.5219,0.0118,0.1571,0.0431,65.8404,1.8354,0.6118,False
S1,C 15->6,recommended,S235JR,0.3,800.0,400.0,0.6,3,1,forward,False,7.5,6.0,1.5,20.0,60.0,200.1759,200.1846,1748.3861,16.485,4.9635,0.0868,10.1515,True,17.3205,0.2231,7.7299,154.2537,1.3849,213.626,740689.149,6483.8772,12967.7543,38.9033,0.6,28.6479,2.914,939.8181,18.4411,7.8075,908.9855,0.0,0.0,0.0095,0.1585,0.0348,53.1409,1.4814,0.4938,False
S1,B 20->10,recommended,S235JR,0.3,800.0,400.0,0.6,1,1,forward,False,20.0,15.8,4.2,21.0,21.0,300.0,300.0178,506.2991,18.84,8.3102,0.1461,10.1515,True,28.9828,0.2357,4.8799,86.422,1.2429,107.4115,933951.7359,13403.8154,26807.6307,80.4229,0.6,28.6479,0.8438,1111.7355,14.1692,4.1469,1097.7705,8.0,35.3843,0.0219,0.1383,0.0397,67.0066,1.8679,0.6226,False
S1,B 20->10,recommended,S235JR,0.3,800.0,400.0,0.6,2,1,reverse,False,15.8,12.5,3.3,20.8861,37.5,300.0178,300.0249,639.9469,18.84,7.3648,0.1293,10.1515,True,25.6905,0.2343,5.4716,101.9725,1.2723,129.7433,1000021.2178,12771.6943,25543.3885,76.6302,0.6,28.6479,1.0666,1062.3862,15.0729,4.9785,1046.9295,8.0,37.7924,0.0234,0.1872,0.0425,71.7468,2.0,0.6667,False
S1,B 20->10,recommended,S235JR,0.3,800.0,400.0,0.6,3,1,forward,False,12.5,10.0,2.5,20.0,50.0,300.0249,300.0274,799.9271,18.84,6.4092,0.1123,10.1515,True,22.3607,0.2231,5.9876,120.6128,1.2981,156.5726,1050412.6614,11736.3933,23472.7866,70.4184,0.6,28.6479,1.3332,1009.1371,15.5381,5.7224,992.2522,0.0,0.0,0.0246,0.2458,0.0447,75.3621,2.1008,0.7003,False
S1,B 20->8,recommended,S235JR,0.3,800.0,400.0,0.6,1,1,forward,False,20.0,14.1,5.9,29.5,29.5,300.0,300.0264,567.326,18.84,9.853,0.1737,10.1515,True,34.3511,0.3496,6.1056,94.3937,1.3022,122.9204,1266791.5612,21444.9335,42889.867,128.6696,0.6,28.6479,0.9455,1111.7355,17.6309,7.0375,1096.2594,8.0,38.8592,0.0296,0.2102,0.0539,90.8863,2.5336,0.8445,False
S1,B 20->8,recommended,S235JR,0.3,800.0,400.0,0.6,2,1,reverse,False,14.1,10.0,4.1,29.078,50.0,300.0264,300.0329,799.9124,18.84,8.2105,0.1443,10.1515,True,28.6356,0.3436,7.1992,113.6496,1.3565,154.1612,1324482.0518,18787.9212,37575.8425,112.7275,0.6,28.6479,1.3332,1057.4002,19.621,8.6754,1038.362,8.0,44.9534,0.031,0.3099,0.0563,95.0253,2.649,0.883,False
S1,B 20->8,recommended,S235JR,0.3,800.0,400.0,0.6,3,1,forward,False,10.0,8.0,2.0,20.0,60.0,300.0329,300.0337,999.8877,18.84,5.732,0.1004,10.1515,True,20.0,0.2231,6.6943,128.429,1.3333,171.2387,1027546.0644,10316.5625,20633.125,61.8994,0.6,28.6479,1.6665,993.4087,17.0541,6.2584,972.2596,0.0,0.0,0.024,0.3006,0.0437,73.7216,2.0551,0.685,False
S1,B 20->6,recommended,S235JR,0.3,800.0,400.0,0.6,1,1,forward,False,20.0,14.4,5.6,28.0,28.0,300.0,300.0248,555.5096,18.84,9.5986,0.1691,10.1515,True,33.4664,0.3285,5.8896,93.0813,1.2919,120.2478,1207328.3663,19925.5934,39851.1869,119.5536,0.6,28.6479,0.9258,1111.7355,17.027,6.4698,1096.4864,8.0,38.1829,0.0283,0.1962,0.0513,86.6201,2.4147,0.8049,False
S1,B 20->6,recommended,S235JR,0.3,800.0,400.0,0.6,2,1,reverse,False,14.4,10.4,4.0,27.7778,48.0,300.0248,300.0315,769.15,18.84,8.1096,0.1425,10.1515,True,28.2843,0.3254,6.9033,111.8033,1.3421,150.0566,1273392.1127,17848.4371,35696.8743,107.0906,0.6,28.6479,1.2819,1058.3035,18.852,7.9979,1039.9234,8.0,43.6031,0.0298,0.2865,0.0541,91.3599,2.5468,0.8489,False
S1,B 20->6,recommended,S235JR,0.3,800.0,400.0,0.6,3,1,forward,False,10.4,7.5,2.9,27.8846,62.5,300.0315,300.033,1066.5493,18.84,6.9035,0.1211,10.1515,True,24.0832,0.3269,8.1443,138.2693,1.4036,194.0788,1402361.5802,16828.2419,33656.4838,100.9695,0.6,28.6479,1.7776,996.3203,20.7218,10.3913,974.1454,8.0,48.6229,0.0328,0.4375,0.0596,100.6128,2.8047,0.9349,False
S1,B 20->6,recommended,S235JR,0.3,800.0,400.0,0.6,4,1,reverse,False,7.5,6.0,1.5,20.0,70.0,300.033,300.0332,1333.1858,18.84,4.9635,0.0868,10.1515,True,17.3205,0.2231,7.7299,161.1743,1.3849,223.2103,1159962.5175,10154.1308,20308.2616,60.9248,0.6,28.6479,2.222,925.5225,18.1073,8.1578,900.8117,0.0,0.0,0.0271,0.4524,0.0493,83.2218,2.3199,0.7733,False
S1,A 12->10,brief,S235JR,0.3,850.0,400.0,0.6,1,1,forward,False,12.0,10.0,2.0,16.6667,16.6667,250.0,250.0079,599.9811,11.775,5.732,0.1004,10.1515,True,20.0,0.1823,5.4696,96.7294,1.2727,123.1101,615560.1351,6180.2238,12360.4475,37.0813,0.6,28.6479,1.0,1067.3133,15.176,3.6763,1049.4984,0.0,0.0,0.011,0.1099,0.0277,44.1635,1.2311,0.4104,False
S1,A 12->8,brief,S235JR,0.3,850.0,400.0,0.6,1,1,forward,False,12.0,10.0,2.0,16.6667,16.6667,250.0,250.0079,599.9811,11.775,5.732,0.1004,10.1515,True,20.0,0.1823,5.4696,96.7294,1.2727,123.1101,615560.1351,6180.2238,12360.4475,37.0813,0.6,28.6479,1.0,1067.3133,15.176,3.6763,1049.4984,8.0,46.7824,0.011,0.1099,0.0277,44.1635,1.2311,0.4104,False
S1,A 12->8,brief,S235JR,0.3,850.0,400.0,0.6,2,1,reverse,False,10.0,8.0,2.0,20.0,33.3333,250.0079,250.0125,749.9625,11.775,5.732,0.1004,10.1515,True,20.0,0.2231,6.6943,124.8113,1.3333,166.415,832109.0436,8354.3748,16708.7496,50.1262,0.6,28.6479,1.2499,1002.716,17.2423,6.0821,983.4912,0.0,0.0,0.0149,0.1857,0.0374,59.6999,1.6642,0.5547,False
S1,A 12->6,brief,S235JR,0.3,850.0,400.0,0.6,1,1,forward,False,12.0,9.5,2.5,20.8333,20.8333,250.0,250.0101,631.5535,11.775,6.4092,0.1123,10.1515,True,22.3607,0.2336,6.2685,102.1891,1.312,134.0731,749506.4412,8374.3301,16748.6602,50.246,0.6,28.6479,1.0526,1067.3133,17.3619,5.13,1048.1288,8.0,48.7444,0.0134,0.1409,0.0337,53.7735,1.499,0.4997,False
S1,A 12->6,brief,S235JR,0.3,850.0,400.0,0.6,2,1,reverse,False,9.5,7.5,2.0,21.0526,37.5,250.0101,250.014,799.9551,11.775,5.732,0.1004,10.1515,True,20.0,0.2364,7.0917,128.1468,1.3529,173.3751,866917.2926,8703.8496,17407.6992,52.2231,0.6,28.6479,1.3333,999.3843,18.1852,6.7126,978.876,8.0,49.602,0.0155,0.2064,0.039,62.1972,1.7338,0.5779,False
S1,A 12->6,brief,S235JR,0.3,850.0,400.0,0.6,3,1,forward,False,7.5,6.0,1.5,20.0,50.0,250.014,250.0153,999.9387,11.775,4.9635,0.0868,10.1515,True,17.3205,0.2231,7.7299,159.3287,1.3849,220.6543,955517.3128,8364.4494,16728.8988,50.1867,0.6,28.6479,1.6666,929.274,18.1949,8.0644,907.827,0.0,0.0,0.0171,0.2843,0.0429,68.5539,1.911,0.637,False
S1,C 15->10,brief,S235JR,0.3,850.0,400.0,0.6,1,1,forward,False,15.0,12.5,2.5,16.6667,16.6667,200.0,200.0685,839.7124,16.485,6.4092,0.1123,10.1515,True,22.3607,0.1823,4.8922,89.4228,1.2439,111.2361,497548.3143,5559.1702,11118.3403,33.355,0.6,28.6479,1.3995,1088.1722,13.8825,3.3217,1069.9635,8.0,40.8051,0.0064,0.0511,0.0234,35.6967,0.9951,0.3317,False
S1,C 15->10,brief,S235JR,0.3,850.0,400.0,0.6,2,1,reverse,False,12.5,10.0,2.5,20.0,33.3333,200.0685,200.1178,1049.382,16.485,6.4092,0.1123,10.1515,True,22.3607,0.2231,5.9876,113.4225,1.2981,147.2386,658777.7922,7360.6075,14721.2149,44.1636,0.6,28.6479,1.749,1029.1584,15.9002,5.3812,1008.7382,0.0,0.0,0.0085,0.0845,0.031,47.2642,1.3176,0.4392,False
S1,C 15->8,brief,S235JR,0.3,850.0,400.0,0.6,1,1,forward,False,15.0,12.0,3.0,20.0,20.0,200.0,200.0838,874.6333,16.485,7.0217,0.1232,10.1515,True,24.4949,0.2231,5.4659,93.5127,1.2722,118.9636,582922.4325,7110.226,14220.4519,42.6614,0.6,28.6479,1.4577,1088.1722,15.4891,4.3478,1068.7809,8.0,42.1391,0.0075,0.0623,0.0274,41.8219,1.1658,0.3886,False
S1,C 15->8,brief,S235JR,0.3,850.0,400.0,0.6,2,1,reverse,False,12.0,10.0,2.0,16.6667,33.3333,200.0838,200.1194,1049.3736,16.485,5.732,0.1004,10.1515,True,20.0,0.1823,5.4696,109.5936,1.2727,139.4827,558214.2814,5604.4714,11208.9428,33.6268,0.6,28.6479,1.749,1026.6418,14.5031,4.1652,1006.4688,8.0,41.6753,0.0072,0.0716,0.0262,40.0492,1.1164,0.3721,False
S1,C 15->8,brief,S235JR,0.3,850.0,400.0,0.6,3,1,forward,False,10.0,8.0,2.0,20.0,46.6667,200.1194,200.1436,1311.5584,16.485,5.732,0.1004,10.1515,True,20.0,0.2231,6.6943,140.2217,1.3333,186.9623,748340.7891,7513.3415,15026.683,45.08,0.6,28.6479,2.1859,964.7935,16.4755,6.833,942.5528,0.0,0.0,0.0096,0.1201,0.0352,53.6899,1.4967,0.4989,False
S1,C 15->6,brief,S235JR,0.3,850.0,400.0,0.6,1,1,forward,False,15.0,11.5,3.5,23.3333,23.3333,200.0,200.0998,912.5879,16.485,7.5851,0.1332,10.1515,True,26.4575,0.2657,6.0256,97.2179,1.2995,126.3366,668677.1303,8786.1542,17572.3085,52.7169,0.6,28.6479,1.521,1088.1722,17.0458,5.4979,1067.6902,8.0,43.5973,0.0086,0.0746,0.0314,47.9744,1.3374,0.4458,False
S1,C 15->6,brief,S235JR,0.3,850.0,400.0,0.6,2,1,reverse,False,11.5,9.0,2.5,21.7391,40.0,200.0998,200.1417,1165.8408,16.485,6.4092,0.1123,10.1515,True,22.3607,0.2451,6.5773,118.2706,1.3272,156.9722,702424.9729,7848.2829,15696.5659,47.0897,0.6,28.6479,1.9431,1024.0929,17.3509,6.302,1001.1303,8.0,45.0594,0.009,0.1002,0.033,50.3957,1.4048,0.4683,False
S1,C 15->6,brief,S235JR,0.3,850.0,400.0,0.6,3,1,forward,False,9.0,7.5,1.5,16.6667,50.0,200.1417,200.1555,1398.9126,16.485,4.9635,0.0868,10.1515,True,17.3205,0.1823,6.3158,138.6746,1.3149,182.3458,632133.6191,5533.599,11067.198,33.2016,0.6,28.6479,2.3315,956.0709,15.3986,5.4451,932.2424,8.0,43.532,0.0081,0.1082,0.0297,45.3526,1.2643,0.4214,False
S1,C 15->6,brief,S235JR,0.3,850.0,400.0,0.6,4,1,reverse,False,7.5,6.0,1.5,20.0,60.0,200.1555,200.1641,1748.5649,16.485,4.9635,0.0868,10.1515,True,17.3205,0.2231,7.7299,180.4582,1.3849,249.9166,866428.3636,7584.5786,15169.1572,45.5075,0.6,28.6479,2.9143,888.7104,17.2478,9.1339,863.1895,0.0,0.0,0.0111,0.1854,0.0407,62.1621,1.7329,0.5776,False
S1,B 20->10,brief,S235JR,0.3,850.0,400.0,0.6,1,1,forward,False,20.0,16.0,4.0,20.0,20.0,300.0,300.0169,499.9719,18.84,8.1096,0.1425,10.1515,True,28.2843,0.2231,4.7336,85.3754,1.2357,105.4986,895210.4966,12547.6733,25095.3467,75.286,0.6,28.6479,0.8333,1111.7355,13.7509,3.8557,1097.9886,8.0,35.0275,0.0209,0.1309,0.0381,64.2271,1.7904,0.5968,False
S1,B 20->10,brief,S235JR,0.3,850.0,400.0,0.6,2,1,reverse,False,16.0,13.0,3.0,18.75,35.0,300.0169,300.0235,615.3365,18.84,7.0217,0.1232,10.1515,True,24.4949,0.2076,5.0861,99.021,1.2534,124.1125,912097.8163,11125.3594,22250.7188,66.7522,0.6,28.6479,1.0256,1062.961,14.0334,4.2208,1048.1608,8.0,36.64,0.0213,0.1642,0.0388,65.4387,1.8242,0.6081,False
S1,B 20->10,brief,S235JR,0.3,850.0,400.0,0.6,3,1,forward,False,13.0,10.0,3.0,23.0769,50.0,300.0235,300.0269,799.9282,18.84,7.0217,0.1232,10.1515,True,24.4949,0.2624,6.4266,123.8107,1.3195,163.3681,1200606.1859,14644.4549,29288.9098,87.8667,0.6,28.6479,1.3332,1011.5208,16.6973,7.0202,994.7224,0.0,0.0,0.0281,0.2809,0.051,86.1378,2.4012,0.8004,False
S1,B 20->8,brief,S235JR,0.3,850.0,400.0,0.6,1,1,forward,False,20.0,16.0,4.0,20.0,20.0,300.0,300.0169,499.9719,18.84,8.1096,0.1425,10.1515,True,28.2843,0.2231,4.7336,85.3754,1.2357,105.4986,895210.4966,12547.6733,25095.3467,75.286,0.6,28.6479,0.8333,1111.7355,13.7509,3.8557,1097.9886,8.0,35.0275,0.0209,0.1309,0.0381,64.2271,1.7904,0.5968,False
S1,B 20->8,brief,S235JR,0.3,850.0,400.0,0.6,2,1,reverse,False,16.0,12.5,3.5,21.875,37.5,300.0169,300.0247,639.9473,18.84,7.5851,0.1332,10.1515,True,26.4575,0.2469,5.5983,102.9,1.2785,131.5576,1044278.5382,13721.4089,27442.8177,82.3285,0.6,28.6479,1.0666,1062.961,15.4237,5.3191,1047.4856,8.0,37.8498,0.0244,0.1955,0.0444,74.9221,2.0886,0.6962,False
S1,B 20->8,brief,S235JR,0.3,850.0,400.0,0.6,3,1,forward,False,12.5,10.0,2.5,20.0,50.0,300.0247,300.0272,799.9275,18.84,6.4092,0.1123,10.1515,True,22.3607,0.2231,5.9876,120.4283,1.2981,156.3331,1048805.2155,11718.4331,23436.8663,70.3106,0.6,28.6479,1.3332,1009.6357,15.5471,5.7136,992.7232,8.0,39.6109,0.0245,0.2454,0.0446,75.2468,2.0976,0.6992,False
S1,B 20->8,brief,S235JR,0.3,850.0,400.0,0.6,4,1,reverse,False,10.0,8.0,2.0,20.0,60.0,300.0272,300.028,999.9066,18.84,5.732,0.1004,10.1515,True,20.0,0.2231,6.6943,145.3415,1.3333,193.7887,1162839.1414,11674.905,23349.81,70.0494,0.6,28.6479,1.6665,953.1123,16.2393,7.0825,934.7273,0.0,0.0,0.0272,0.3401,0.0494,83.4282,2.3257,0.7752,False
S1,B 20->6,brief,S235JR,0.3,850.0,400.0,0.6,1,1,forward,False,20.0,16.0,4.0,20.0,20.0,300.0,300.0169,499.9719,18.84,8.1096,0.1425,10.1515,True,28.2843,0.2231,4.7336,85.3754,1.2357,105.4986,895210.4966,12547.6733,25095.3467,75.286,0.6,28.6479,0.8333,1111.7355,13.7509,3.8557,1097.9886,8.0,35.0275,0.0209,0.1309,0.0381,64.2271,1.7904,0.5968,False
S1,B 20->6,brief,S235JR,0.3,850.0,400.0,0.6,2,1,reverse,False,16.0,12.5,3.5,21.875,37.5,300.0169,300.0247,639.9473,18.84,7.5851,0.1332,10.1515,True,26.4575,0.2469,5.5983,102.9,1.2785,131.5576,1044278.5382,13721.4089,27442.8177,82.3285,0.6,28.6479,1.0666,1062.961,15.4237,5.3191,1047.4856,8.0,37.8498,0.0244,0.1955,0.0444,74.9221,2.0886,0.6962,False
S1,B 20->6,brief,S235JR,0.3,850.0,400.0,0.6,3,1,forward,False,12.5,9.5,3.0,24.0,52.5,300.0247,300.0277,842.0274,18.84,7.0217,0.1232,10.1515,True,24.4949,0.2744,6.7223,126.1079,1.334,168.2306,1236345.3251,15080.3849,30160.7697,90.4823,0.6,28.6479,1.4034,1009.6357,17.4181,7.5617,991.9656,8.0,41.378,0.0289,0.3045,0.0526,88.7019,2.4727,0.8242,False
S1,B 20->6,brief,S235JR,0.3,850.0,400.0,0.6,4,1,reverse,False,9.5,7.5,2.0,21.0526,62.5,300.0277,300.0284,1066.5656,18.84,5.732,0.1004,10.1515,True,20.0,0.2364,7.0917,148.8565,1.3529,201.3941,1208477.625,12133.1154,24266.2307,72.7987,0.6,28.6479,1.7776,950.5875,17.1404,7.7974,930.8746,8.0,42.9374,0.0283,0.377,0.0514,86.7026,2.417,0.8057,False
S1,B 20->6,brief,S235JR,0.3,850.0,400.0,0.6,5,1,forward,False,7.5,6.0,1.5,20.0,70.0,300.0284,300.0286,1333.2061,18.84,4.9635,0.0868,10.1515,True,17.3205,0.2231,7.7299,180.8871,1.3849,250.5106,1301814.9857,11395.8851,22791.7703,68.3753,0.6,28.6479,2.222,887.9372,17.2297,9.1556,866.6469,0.0,0.0,0.0305,0.5077,0.0553,93.3991,2.6036,0.8679,False
S1,A 12->10,recommended,S235JR,0.3,850.0,400.0,0.6,1,1,forward,False,12.0,10.0,2.0,16.6667,16.6667,250.0,250.0079,599.9811,11.775,5.732,0.1004,10.1515,True,20.0,0.1823,5.4696,96.7294,1.2727,123.1101,615560.1351,6180.2238,12360.4475,37.0813,0.6,28.6479,1.0,1067.3133,15.176,3.6763,1049.4984,0.0,0.0,0.011,0.1099,0.0277,44.1635,1.2311,0.4104,False
S1,A 12->8,recommended,S235JR,0.3,850.0,400.0,0.6,1,1,forward,False,12.0,9.8,2.2,18.3333,18.3333,250.0,250.0087,612.2235,11.775,6.012,0.1053,10.1515,True,20.9762,0.2025,5.793,99.0026,1.2887,127.581,669052.1917,7030.7784,14061.5568,42.1847,0.6,28.6479,1.0204,1067.3133,16.0627,4.2319,1048.9245,8.0,47.5405,0.0119,0.1219,0.0301,48.0013,1.3381,0.446,False
S1,A 12->8,recommended,S235JR,0.3,850.0,400.0,0.6,2,1,reverse,False,9.8,8.0,1.8,18.3673,33.3333,250.0087,250.0126,749.9621,11.775,5.4376,0.0952,10.1515,True,18.9737,0.2029,6.4176,122.8751,1.3198,162.1682,769264.2657,7344.4426,14688.8852,44.0667,0.6,28.6479,1.2499,1001.3839,16.5154,5.3903,982.2247,0.0,0.0,0.0137,0.1717,0.0346,55.1911,1.5385,0.5128,False
S1,A 12->6,recommended,S235JR,0.3,850.0,400.0,0.6,1,1,forward,False,12.0,9.5,2.5,20.8333,20.8333,250.0,250.0101,631.5535,11.775,6.4092,0.1123,10.1515,True,22.3607,0.2336,6.2685,102.1891,1.312,134.0731,749506.4412,8374.3301,16748.6602,50.246,0.6,28.6479,1.0526,1067.3133,17.3619,5.13,1048.1288,8.0,48.7444,0.0134,0.1409,0.0337,53.7735,1.499,0.4997,False
S1,A 12->6,recommended,S235JR,0.3,850.0,400.0,0.6,2,1,reverse,False,9.5,7.5,2.0,21.0526,37.5,250.0101,250.014,799.9551,11.775,5.732,0.1004,10.1515,True,20.0,0.2364,7.0917,128.1468,1.3529,173.3751,866917.2926,8703.8496,17407.6992,52.2231,0.6,28.6479,1.3333,999.3843,18.1852,6.7126,978.876,8.0,49.602,0.0155,0.2064,0.039,62.1972,1.7338,0.5779,False
S1,A 12->6,recommended,S235JR,0.3,850.0,400.0,0.6,3,1,forward,False,7.5,6.0,1.5,20.0,50.0,250.014,250.0153,999.9387,11.775,4.9635,0.0868,10.1515,True,17.3205,0.2231,7.7299,159.3287,1.3849,220.6543,955517.3128,8364.4494,16728.8988,50.1867,0.6,28.6479,1.6666,929.274,18.1949,8.0644,907.827,0.0,0.0,0.0171,0.2843,0.0429,68.5539,1.911,0.637,False
S1,C 15->10,recommended,S235JR,0.3,850.0,400.0,0.6,1,1,forward,False,15.0,12.2,2.8,18.6667,18.6667,200.0,200.0776,860.3218,16.485,6.7833,0.1189,10.1515,True,23.6643,0.2066,5.2386,91.9304,1.261,115.9246,548761.9102,6474.7722,12949.5444,38.8486,0.6,28.6479,1.4339,1088.1722,14.8539,3.9229,1069.2412,8.0,41.5912,0.007,0.0577,0.0258,39.3711,1.0975,0.3658,False
S1,C 15->10,recommended,S235JR,0.3,850.0,400.0,0.6,2,1,reverse,False,12.2,10.0,2.2,18.0328,33.3333,200.0776,200.1184,1049.3787,16.485,6.012,0.1053,10.1515,True,20.9762,0.1989,5.6879,111.2508,1.2835,142.7862,599315.2925,6297.9437,12595.8873,37.7877,0.6,28.6479,1.749,1027.65,15.0913,4.6504,1007.3484,0.0,0.0,0.0077,0.0769,0.0282,42.998,1.1986,0.3995,False
S1,C 15->8,recommended,S235JR,0.3,850.0,400.0,0.6,1,1,forward,False,15.0,12.2,2.8,18.6667,18.6667,200.0,200.0776,860.3218,16.485,6.7833,0.1189,10.1515,True,23.6643,0.2066,5.2386,91.9304,1.261,115.9246,548761.9102,6474.7722,12949.5444,38.8486,0.6,28.6479,1.4339,1088.1722,14.8539,3.9229,1069.2412,8.0,41.5912,0.007,0.0577,0.0258,39.3711,1.0975,0.3658,False
S1,C 15->8,recommended,S235JR,0.3,850.0,400.0,0.6,2,1,reverse,False,12.2,9.9,2.3,18.8525,34.0,200.0776,200.1205,1059.9676,16.485,6.1472,0.1077,10.1515,True,21.4476,0.2089,5.844,112.4719,1.2911,145.2175,623222.0846,6690.1975,13380.395,40.1412,0.6,28.6479,1.7666,1027.65,15.5003,4.9686,1007.0695,8.0,42.1164,0.008,0.0808,0.0293,44.7132,1.2464,0.4155,False
S1,C 15->8,recommended,S235JR,0.3,850.0,400.0,0.6,3,1,forward,False,9.9,8.0,1.9,19.1919,46.6667,200.1205,200.1428,1311.5634,16.485,5.5867,0.0978,10.1515,True,19.4936,0.2131,6.5589,138.8182,1.3267,184.1712,718504.2213,7039.1302,14078.2604,42.2348,0.6,28.6479,2.1859,964.9531,16.1512,6.4279,942.6285,0.0,0.0,0.0092,0.1153,0.0338,51.5493,1.437,0.479,False
S1,C 15->6,recommended,S235JR,0.3,850.0,400.0,0.6,1,1,forward,False,15.0,10.6,4.4,29.3333,29.3333,200.0,200.1305,989.9202,16.485,8.5061,0.1496,10.1515,True,29.6648,0.3472,7.0224,103.2325,1.3476,139.1196,825660.2136,12119.9497,24239.8995,72.7197,0.6,28.6479,1.6499,1088.1722,19.7841,7.9111,1065.8784,8.0,46.5769,0.0106,0.1,0.0388,59.2372,1.6513,0.5504,False
S1,C 15->6,recommended,S235JR,0.3,850.0,400.0,0.6,2,1,reverse,False,10.6,7.5,3.1,29.2453,50.0,200.1305,200.1759,1398.7695,16.485,7.1379,0.1252,10.1515,True,24.8998,0.346,8.3362,130.3436,1.4127,184.1369,917696.6213,11372.0081,22744.0162,68.232,0.6,28.6479,2.3313,1019.3015,21.7631,10.4335,991.34,8.0,51.5219,0.0118,0.1571,0.0431,65.8404,1.8354,0.6118,False
S1,C 15->6,recommended,S235JR,0.3,850.0,400.0,0.6,3,1,forward,False,7.5,6.0,1.5,20.0,60.0,200.1759,200.1846,1748.3861,16.485,4.9635,0.0868,10.1515,True,17.3205,0.2231,7.7299,154.2537,1.3849,213.626,740689.149,6483.8772,12967.7543,38.9033,0.6,28.6479,2.914,939.8181,18.4411,7.8075,908.9855,0.0,0.0,0.0095,0.1585,0.0348,53.1409,1.4814,0.4938,False
S1,B 20->10,recommended,S235JR,0.3,850.0,400.0,0.6,1,1,forward,False,20.0,15.8,4.2,21.0,21.0,300.0,300.0178,506.2991,18.84,8.3102,0.1461,10.1515,True,28.9828,0.2357,4.8799,86.422,1.2429,107.4115,933951.7359,13403.8154,26807.6307,80.4229,0.6,28.6479,0.8438,1111.7355,14.1692,4.1469,1097.7705,8.0,35.3843,0.0219,0.1383,0.0397,67.0066,1.8679,0.6226,False
S1,B 20->10,recommended,S235JR,0.3,850.0,400.0,0.6,2,1,reverse,False,15.8,12.5,3.3,20.8861,37.5,300.0178,300.0249,639.9469,18.84,7.3648,0.1293,10.1515,True,25.6905,0.2343,5.4716,101.9725,1.2723,129.7433,1000021.2178,12771.6943,25543.3885,76.6302,0.6,28.6479,1.0666,1062.3862,15.0729,4.9785,1046.9295,8.0,37.7924,0.0234,0.1872,0.0425,71.7468,2.0,0.6667,False
S1,B 20->10,recommended,S235JR,0.3,850.0,400.0,0.6,3,1,forward,False,12.5,10.0,2.5,20.0,50.0,300.0249,300.0274,799.9271,18.84,6.4092,0.1123,10.1515,True,22.3607,0.2231,5.9876,120.6128,1.2981,156.5726,1050412.6614,11736.3933,23472.7866,70.4184,0.6,28.6479,1.3332,1009.1371,15.5381,5.7224,992.2522,0.0,0.0,0.0246,0.2458,0.0447,75.3621,2.1008,0.7003,False
S1,B 20->8,recommended,S235JR,0.3,850.0,400.0,0.6,1,1,forward,False,20.0,14.1,5.9,29.5,29.5,300.0,300.0264,567.326,18.84,9.853,0.1737,10.1515,True,34.3511,0.3496,6.1056,94.3937,1.3022,122.9204,1266791.5612,21444.9335,42889.867,128.6696,0.6,28.6479,0.9455,1111.7355,17.6309,7.0375,1096.2594,8.0,38.8592,0.0296,0.2102,0.0539,90.8863,2.5336,0.8445,False
S1,B 20->8,recommended,S235JR,0.3,850.0,400.0,0.6,2,1,reverse,False,14.1,10.0,4.1,29.078,50.0,300.0264,300.0329,799.9124,18.84,8.2105,0.1443,10.1515,True,28.6356,0.3436,7.1992,113.6496,1.3565,154.1612,1324482.0518,18787.9212,37575.8425,112.7275,0.6,28.6479,1.3332,1057.4002,19.621,8.6754,1038.362,8.0,44.9534,0.031,0.3099,0.0563,95.0253,2.649,0.883,False
S1,B 20->8,recommended,S235JR,0.3,850.0,400.0,0.6,3,1,forward,False,10.0,8.0,2.0,20.0,60.0,300.0329,300.0337,999.8877,18.84,5.732,0.1004,10.1515,True,20.0,0.2231,6.6943,128.429,1.3333,171.2387,1027546.0644,10316.5625,20633.125,61.8994,0.6,28.6479,1.6665,993.4087,17.0541,6.2584,972.2596,0.0,0.0,0.024,0.3006,0.0437,73.7216,2.0551,0.685,False
S1,B 20->6,recommended,S235JR,0.3,850.0,400.0,0.6,1,1,forward,False,20.0,14.4,5.6,28.0,28.0,300.0,300.0248,555.5096,18.84,9.5986,0.1691,10.1515,True,33.4664,0.3285,5.8896,93.0813,1.2919,120.2478,1207328.3663,19925.5934,39851.1869,119.5536,0.6,28.6479,0.9258,1111.7355,17.027,6.4698,1096.4864,8.0,38.1829,0.0283,0.1962,0.0513,86.6201,2.4147,0.8049,False
S1,B 20->6,recommended,S235JR,0.3,850.0,400.0,0.6,2,1,reverse,False,14.4,10.4,4.0,27.7778,48.0,300.0248,300.0315,769.15,18.84,8.1096,0.1425,10.1515,True,28.2843,0.3254,6.9033,111.8033,1.3421,150.0566,1273392.1127,17848.4371,35696.8743,107.0906,0.6,28.6479,1.2819,1058.3035,18.852,7.9979,1039.9234,8.0,43.6031,0.0298,0.2865,0.0541,91.3599,2.5468,0.8489,False
S1,B 20->6,recommended,S235JR,0.3,850.0,400.0,0.6,3,1,forward,False,10.4,7.5,2.9,27.8846,62.5,300.0315,300.033,1066.5493,18.84,6.9035,0.1211,10.1515,True,24.0832,0.3269,8.1443,138.2693,1.4036,194.0788,1402361.5802,16828.2419,33656.4838,100.9695,0.6,28.6479,1.7776,996.3203,20.7218,10.3913,974.1454,8.0,48.6229,0.0328,0.4375,0.0596,100.6128,2.8047,0.9349,False
S1,B 20->6,recommended,S235JR,0.3,850.0,400.0,0.6,4,1,reverse,False,7.5,6.0,1.5,20.0,70.0,300.033,300.0332,1333.1858,18.84,4.9635,0.0868,10.1515,True,17.3205,0.2231,7.7299,161.1743,1.3849,223.2103,1159962.5175,10154.1308,20308.2616,60.9248,0.6,28.6479,2.222,925.5225,18.1073,8.1578,900.8117,0.0,0.0,0.0271,0.4524,0.0493,83.2218,2.3199,0.7733,False
S1,A 12->10,brief,S235JR,0.3,880.0,400.0,0.6,1,1,forward,False,12.0,10.0,2.0,16.6667,16.6667,250.0,250.0079,599.9811,11.775,5.732,0.1004,10.1515,True,20.0,0.1823,5.4696,96.7294,1.2727,123.1101,615560.1351,6180.2238,12360.4475,37.0813,0.6,28.6479,1.0,1067.3133,15.176,3.6763,1049.4984,0.0,0.0,0.011,0.1099,0.0277,44.1635,1.2311,0.4104,False
S1,A 12->8,brief,S235JR,0.3,880.0,400.0,0.6,1,1,forward,False,12.0,10.0,2.0,16.6667,16.6667,250.0,250.0079,599.9811,11.775,5.732,0.1004,10.1515,True,20.0,0.1823,5.4696,96.7294,1.2727,123.1101,615560.1351,6180.2238,12360.4475,37.0813,0.6,28.6479,1.0,1067.3133,15.176,3.6763,1049.4984,8.0,46.7824,0.011,0.1099,0.0277,44.1635,1.2311,0.4104,False
S1,A 12->8,brief,S235JR,0.3,880.0,400.0,0.6,2,1,reverse,False,10.0,8.0,2.0,20.0,33.3333,250.0079,250.0125,749.9625,11.775,5.732,0.1004,10.1515,True,20.0,0.2231,6.6943,124.8113,1.3333,166.415,832109.0436,8354.3748,16708.7496,50.1262,0.6,28.6479,1.2499,1002.716,17.2423,6.0821,983.4912,0.0,0.0,0.0149,0.1857,0.0374,59.6999,1.6642,0.5547,False
S1,A 12->6,brief,S235JR,0.3,880.0,400.0,0.6,1,1,forward,False,12.0,9.5,2.5,20.8333,20.8333,250.0,250.0101,631.5535,11.775,6.4092,0.1123,10.1515,True,22.3607,0.2336,6.2685,102.1891,1.312,134.0731,749506.4412,8374.3301,16748.6602,50.246,0.6,28.6479,1.0526,1067.3133,17.3619,5.13,1048.1288,8.0,48.7444,0.0134,0.1409,0.0337,53.7735,1.499,0.4997,False
S1,A 12->6,brief,S235JR,0.3,880.0,400.0,0.6,2,1,reverse,False,9.5,7.5,2.0,21.0526,37.5,250.0101,250.014,799.9551,11.775,5.732,0.1004,10.1515,True,20.0,0.2364,7.0917,128.1468,1.3529,173.3751,866917.2926,8703.8496,17407.6992,52.2231,0.6,28.6479,1.3333,999.3843,18.1852,6.7126,978.876,8.0,49.602,0.0155,0.2064,0.039,62.1972,1.7338,0.5779,False
S1,A 12->6,brief,S235JR,0.3,880.0,400.0,0.6,3,1,forward,False,7.5,6.0,1.5,20.0,50.0,250.014,250.0153,999.9387,11.775,4.9635,0.0868,10.1515,True,17.3205,0.2231,7.7299,159.3287,1.3849,220.6543,955517.3128,8364.4494,16728.8988,50.1867,0.6,28.6479,1.6666,929.274,18.1949,8.0644,907.827,0.0,0.0,0.0171,0.2843,0.0429,68.5539,1.911,0.637,False
S1,C 15->10,brief,S235JR,0.3,880.0,400.0,0.6,1,1,forward,False,15.0,12.5,2.5,16.6667,16.6667,200.0,200.0685,839.7124,16.485,6.4092,0.1123,10.1515,True,22.3607,0.1823,4.8922,89.4228,1.2439,111.2361,497548.3143,5559.1702,11118.3403,33.355,0.6,28.6479,1.3995,1088.1722,13.8825,3.3217,1069.9635,8.0,40.8051,0.0064,0.0511,0.0234,35.6967,0.9951,0.3317,False
S1,C 15->10,brief,S235JR,0.3,880.0,400.0,0.6,2,1,reverse,False,12.5,10.0,2.5,20.0,33.3333,200.0685,200.1178,1049.382,16.485,6.4092,0.1123,10.1515,True,22.3607,0.2231,5.9876,113.4225,1.2981,147.2386,658777.7922,7360.6075,14721.2149,44.1636,0.6,28.6479,1.749,1029.1584,15.9002,5.3812,1008.7382,0.0,0.0,0.0085,0.0845,0.031,47.2642,1.3176,0.4392,False
S1,C 15->8,brief,S235JR,0.3,880.0,400.0,0.6,1,1,forward,False,15.0,12.0,3.0,20.0,20.0,200.0,200.0838,874.6333,16.485,7.0217,0.1232,10.1515,True,24.4949,0.2231,5.4659,93.5127,1.2722,118.9636,582922.4325,7110.226,14220.4519,42.6614,0.6,28.6479,1.4577,1088.1722,15.4891,4.3478,1068.7809,8.0,42.1391,0.0075,0.0623,0.0274,41.8219,1.1658,0.3886,False
S1,C 15->8,brief,S235JR,0.3,880.0,400.0,0.6,2,1,reverse,False,12.0,10.0,2.0,16.6667,33.3333,200.0838,200.1194,1049.3736,16.485,5.732,0.1004,10.1515,True,20.0,0.1823,5.4696,109.5936,1.2727,139.4827,558214.2814,5604.4714,11208.9428,33.6268,0.6,28.6479,1.749,1026.6418,14.5031,4.1652,1006.4688,8.0,41.6753,0.0072,0.0716,0.0262,40.0492,1.1164,0.3721,False
S1,C 15->8,brief,S235JR,0.3,880.0,400.0,0.6,3,1,forward,False,10.0,8.0,2.0,20.0,46.6667,200.1194,200.1436,1311.5584,16.485,5.732,0.1004,10.1515,True,20.0,0.2231,6.6943,140.2217,1.3333,186.9623,748340.7891,7513.3415,15026.683,45.08,0.6,28.6479,2.1859,964.7935,16.4755,6.833,942.5528,0.0,0.0,0.0096,0.1201,0.0352,53.6899,1.4967,0.4989,False
S1,C 15->6,brief,S235JR,0.3,880.0,400.0,0.6,1,1,forward,False,15.0,11.5,3.5,23.3333,23.3333,200.0,200.0998,912.5879,16.485,7.5851,0.1332,10.1515,True,26.4575,0.2657,6.0256,97.2179,1.2995,126.3366,668677.1303,8786.1542,17572.3085,52.7169,0.6,28.6479,1.521,1088.1722,17.0458,5.4979,1067.6902,8.0,43.5973,0.0086,0.0746,0.0314,47.9744,1.3374,0.4458,False
S1,C 15->6,brief,S235JR,0.3,880.0,400.0,0.6,2,1,reverse,False,11.5,9.0,2.5,21.7391,40.0,200.0998,200.1417,1165.8408,16.485,6.4092,0.1123,10.1515,True,22.3607,0.2451,6.5773,118.2706,1.3272,156.9722,702424.9729,7848.2829,15696.5659,47.0897,0.6,28.6479,1.9431,1024.0929,17.3509,6.302,1001.1303,8.0,45.0594,0.009,0.1002,0.033,50.3957,1.4048,0.4683,False
S1,C 15->6,brief,S235JR,0.3,880.0,400.0,0.6,3,1,forward,False,9.0,7.5,1.5,16.6667,50.0,200.1417,200.1555,1398.9126,16.485,4.9635,0.0868,10.1515,True,17.3205,0.1823,6.3158,138.6746,1.3149,182.3458,632133.6191,5533.599,11067.198,33.2016,0.6,28.6479,2.3315,956.0709,15.3986,5.4451,932.2424,8.0,43.532,0.0081,0.1082,0.0297,45.3526,1.2643,0.4214,False
S1,C 15->6,brief,S235JR,0.3,880.0,400.0,0.6,4,2,reverse,True,7.5,6.0,1.5,20.0,60.0,200.1555,200.1641,1748.5649,16.485,4.9635,0.0868,10.1515,True,17.3205,0.2231,7.7299,136.4276,1.3849,188.9386,655025.5322,5733.9912,11467.9825,34.4039,0.6,28.6479,2.9143,979.8196,19.3751,6.9053,944.7267,0.0,0.0,0.0084,0.1401,0.0308,46.995,1.3101,0.4367,False
S1,B 20->10,brief,S235JR,0.3,880.0,400.0,0.6,1,1,forward,False,20.0,16.0,4.0,20.0,20.0,300.0,300.0169,499.9719,18.84,8.1096,0.1425,10.1515,True,28.2843,0.2231,4.7336,85.3754,1.2357,105.4986,895210.4966,12547.6733,25095.3467,75.286,0.6,28.6479,0.8333,1111.7355,13.7509,3.8557,1097.9886,8.0,35.0275,0.0209,0.1309,0.0381,64.2271,1.7904,0.5968,False
S1,B 20->10,brief,S235JR,0.3,880.0,400.0,0.6,2,1,reverse,False,16.0,13.0,3.0,18.75,35.0,300.0169,300.0235,615.3365,18.84,7.0217,0.1232,10.1515,True,24.4949,0.2076,5.0861,99.021,1.2534,124.1125,912097.8163,11125.3594,22250.7188,66.7522,0.6,28.6479,1.0256,1062.961,14.0334,4.2208,1048.1608,8.0,36.64,0.0213,0.1642,0.0388,65.4387,1.8242,0.6081,False
S1,B 20->10,brief,S235JR,0.3,880.0,400.0,0.6,3,1,forward,False,13.0,10.0,3.0,23.0769,50.0,300.0235,300.0269,799.9282,18.84,7.0217,0.1232,10.1515,True,24.4949,0.2624,6.4266,123.8107,1.3195,163.3681,1200606.1859,14644.4549,29288.9098,87.8667,0.6,28.6479,1.3332,1011.5208,16.6973,7.0202,994.7224,0.0,0.0,0.0281,0.2809,0.051,86.1378,2.4012,0.8004,False
S1,B 20->8,brief,S235JR,0.3,880.0,400.0,0.6,1,1,forward,False,20.0,16.0,4.0,20.0,20.0,300.0,300.0169,499.9719,18.84,8.1096,0.1425,10.1515,True,28.2843,0.2231,4.7336,85.3754,1.2357,105.4986,895210.4966,12547.6733,25095.3467,75.286,0.6,28.6479,0.8333,1111.7355,13.7509,3.8557,1097.9886,8.0,35.0275,0.0209,0.1309,0.0381,64.2271,1.7904,0.5968,False
S1,B 20->8,brief,S235JR,0.3,880.0,400.0,0.6,2,1,reverse,False,16.0,12.5,3.5,21.875,37.5,300.0169,300.0247,639.9473,18.84,7.5851,0.1332,10.1515,True,26.4575,0.2469,5.5983,102.9,1.2785,131.5576,1044278.5382,13721.4089,27442.8177,82.3285,0.6,28.6479,1.0666,1062.961,15.4237,5.3191,1047.4856,8.0,37.8498,0.0244,0.1955,0.0444,74.9221,2.0886,0.6962,False
S1,B 20->8,brief,S235JR,0.3,880.0,400.0,0.6,3,1,forward,False,12.5,10.0,2.5,20.0,50.0,300.0247,300.0272,799.9275,18.84,6.4092,0.1123,10.1515,True,22.3607,0.2231,5.9876,120.4283,1.2981,156.3331,1048805.2155,11718.4331,23436.8663,70.3106,0.6,28.6479,1.3332,1009.6357,15.5471,5.7136,992.7232,8.0,39.6109,0.0245,0.2454,0.0446,75.2468,2.0976,0.6992,False
S1,B 20->8,brief,S235JR,0.3,880.0,400.0,0.6,4,1,reverse,False,10.0,8.0,2.0,20.0,60.0,300.0272,300.028,999.9066,18.84,5.732,0.1004,10.1515,True,20.0,0.2231,6.6943,145.3415,1.3333,193.7887,1162839.1414,11674.905,23349.81,70.0494,0.6,28.6479,1.6665,953.1123,16.2393,7.0825,934.7273,0.0,0.0,0.0272,0.3401,0.0494,83.4282,2.3257,0.7752,False
S1,B 20->6,brief,S235JR,0.3,880.0,400.0,0.6,1,1,forward,False,20.0,16.0,4.0,20.0,20.0,300.0,300.0169,499.9719,18.84,8.1096,0.1425,10.1515,True,28.2843,0.2231,4.7336,85.3754,1.2357,105.4986,895210.4966,12547.6733,25095.3467,75.286,0.6,28.6479,0.8333,1111.7355,13.7509,3.8557,1097.9886,8.0,35.0275,0.0209,0.1309,0.0381,64.2271,1.7904,0.5968,False
S1,B 20->6,brief,S235JR,0.3,880.0,400.0,0.6,2,1,reverse,False,16.0,12.5,3.5,21.875,37.5,300.0169,300.0247,639.9473,18.84,7.5851,0.1332,10.1515,True,26.4575,0.2469,5.5983,102.9,1.2785,131.5576,1044278.5382,13721.4089,27442.8177,82.3285,0.6,28.6479,1.0666,1062.961,15.4237,5.3191,1047.4856,8.0,37.8498,0.0244,0.1955,0.0444,74.9221,2.0886,0.6962,False
S1,B 20->6,brief,S235JR,0.3,880.0,400.0,0.6,3,1,forward,False,12.5,9.5,3.0,24.0,52.5,300.0247,300.0277,842.0274,18.84,7.0217,0.1232,10.1515,True,24.4949,0.2744,6.7223,126.1079,1.334,168.2306,1236345.3251,15080.3849,30160.7697,90.4823,0.6,28.6479,1.4034,1009.6357,17.4181,7.5617,991.9656,8.0,41.378,0.0289,0.3045,0.0526,88.7019,2.4727,0.8242,False
S1,B 20->6,brief,S235JR,0.3,880.0,400.0,0.6,4,1,reverse,False,9.5,7.5,2.0,21.0526,62.5,300.0277,300.0284,1066.5656,18.84,5.732,0.1004,10.1515,True,20.0,0.2364,7.0917,148.8565,1.3529,201.3941,1208477.625,12133.1154,24266.2307,72.7987,0.6,28.6479,1.7776,950.5875,17.1404,7.7974,930.8746,8.0,42.9374,0.0283,0.377,0.0514,86.7026,2.417,0.8057,False
S1,B 20->6,brief,S235JR,0.3,880.0,400.0,0.6,5,2,forward,True,7.5,6.0,1.5,20.0,70.0,300.0284,300.0286,1333.2061,18.84,4.9635,0.0868,10.1515,True,17.3205,0.2231,7.7299,135.842,1.3849,188.1276,977632.8757,8558.0456,17116.0911,51.3483,0.6,28.6479,2.222,981.2207,19.4078,6.8756,951.3786,0.0,0.0,0.0229,0.3813,0.0416,70.1405,1.9553,0.6518,False
S1,A 12->10,recommended,S235JR,0.3,880.0,400.0,0.6,1,1,forward,False,12.0,10.0,2.0,16.6667,16.6667,250.0,250.0079,599.9811,11.775,5.732,0.1004,10.1515,True,20.0,0.1823,5.4696,96.7294,1.2727,123.1101,615560.1351,6180.2238,12360.4475,37.0813,0.6,28.6479,1.0,1067.3133,15.176,3.6763,1049.4984,0.0,0.0,0.011,0.1099,0.0277,44.1635,1.2311,0.4104,False
S1,A 12->8,recommended,S235JR,0.3,880.0,400.0,0.6,1,1,forward,False,12.0,9.8,2.2,18.3333,18.3333,250.0,250.0087,612.2235,11.775,6.012,0.1053,10.1515,True,20.9762,0.2025,5.793,99.0026,1.2887,127.581,669052.1917,7030.7784,14061.5568,42.1847,0.6,28.6479,1.0204,1067.3133,16.0627,4.2319,1048.9245,8.0,47.5405,0.0119,0.1219,0.0301,48.0013,1.3381,0.446,False
S1,A 12->8,recommended,S235JR,0.3,880.0,400.0,0.6,2,1,reverse,False,9.8,8.0,1.8,18.3673,33.3333,250.0087,250.0126,749.9621,11.775,5.4376,0.0952,10.1515,True,18.9737,0.2029,6.4176,122.8751,1.3198,162.1682,769264.2657,7344.4426,14688.8852,44.0667,0.6,28.6479,1.2499,1001.3839,16.5154,5.3903,982.2247,0.0,0.0,0.0137,0.1717,0.0346,55.1911,1.5385,0.5128,False
S1,A 12->6,recommended,S235JR,0.3,880.0,400.0,0.6,1,1,forward,False,12.0,9.5,2.5,20.8333,20.8333,250.0,250.0101,631.5535,11.775,6.4092,0.1123,10.1515,True,22.3607,0.2336,6.2685,102.1891,1.312,134.0731,749506.4412,8374.3301,16748.6602,50.246,0.6,28.6479,1.0526,1067.3133,17.3619,5.13,1048.1288,8.0,48.7444,0.0134,0.1409,0.0337,53.7735,1.499,0.4997,False
S1,A 12->6,recommended,S235JR,0.3,880.0,400.0,0.6,2,1,reverse,False,9.5,7.5,2.0,21.0526,37.5,250.0101,250.014,799.9551,11.775,5.732,0.1004,10.1515,True,20.0,0.2364,7.0917,128.1468,1.3529,173.3751,866917.2926,8703.8496,17407.6992,52.2231,0.6,28.6479,1.3333,999.3843,18.1852,6.7126,978.876,8.0,49.602,0.0155,0.2064,0.039,62.1972,1.7338,0.5779,False
S1,A 12->6,recommended,S235JR,0.3,880.0,400.0,0.6,3,1,forward,False,7.5,6.0,1.5,20.0,50.0,250.014,250.0153,999.9387,11.775,4.9635,0.0868,10.1515,True,17.3205,0.2231,7.7299,159.3287,1.3849,220.6543,955517.3128,8364.4494,16728.8988,50.1867,0.6,28.6479,1.6666,929.274,18.1949,8.0644,907.827,0.0,0.0,0.0171,0.2843,0.0429,68.5539,1.911,0.637,False
S1,C 15->10,recommended,S235JR,0.3,880.0,400.0,0.6,1,1,forward,False,15.0,12.2,2.8,18.6667,18.6667,200.0,200.0776,860.3218,16.485,6.7833,0.1189,10.1515,True,23.6643,0.2066,5.2386,91.9304,1.261,115.9246,548761.9102,6474.7722,12949.5444,38.8486,0.6,28.6479,1.4339,1088.1722,14.8539,3.9229,1069.2412,8.0,41.5912,0.007,0.0577,0.0258,39.3711,1.0975,0.3658,False
S1,C 15->10,recommended,S235JR,0.3,880.0,400.0,0.6,2,1,reverse,False,12.2,10.0,2.2,18.0328,33.3333,200.0776,200.1184,1049.3787,16.485,6.012,0.1053,10.1515,True,20.9762,0.1989,5.6879,111.2508,1.2835,142.7862,599315.2925,6297.9437,12595.8873,37.7877,0.6,28.6479,1.749,1027.65,15.0913,4.6504,1007.3484,0.0,0.0,0.0077,0.0769,0.0282,42.998,1.1986,0.3995,False
S1,C 15->8,recommended,S235JR,0.3,880.0,400.0,0.6,1,1,forward,False,15.0,12.2,2.8,18.6667,18.6667,200.0,200.0776,860.3218,16.485,6.7833,0.1189,10.1515,True,23.6643,0.2066,5.2386,91.9304,1.261,115.9246,548761.9102,6474.7722,12949.5444,38.8486,0.6,28.6479,1.4339,1088.1722,14.8539,3.9229,1069.2412,8.0,41.5912,0.007,0.0577,0.0258,39.3711,1.0975,0.3658,False
S1,C 15->8,recommended,S235JR,0.3,880.0,400.0,0.6,2,1,reverse,False,12.2,9.9,2.3,18.8525,34.0,200.0776,200.1205,1059.9676,16.485,6.1472,0.1077,10.1515,True,21.4476,0.2089,5.844,112.4719,1.2911,145.2175,623222.0846,6690.1975,13380.395,40.1412,0.6,28.6479,1.7666,1027.65,15.5003,4.9686,1007.0695,8.0,42.1164,0.008,0.0808,0.0293,44.7132,1.2464,0.4155,False
S1,C 15->8,recommended,S235JR,0.3,880.0,400.0,0.6,3,1,forward,False,9.9,8.0,1.9,19.1919,46.6667,200.1205,200.1428,1311.5634,16.485,5.5867,0.0978,10.1515,True,19.4936,0.2131,6.5589,138.8182,1.3267,184.1712,718504.2213,7039.1302,14078.2604,42.2348,0.6,28.6479,2.1859,964.9531,16.1512,6.4279,942.6285,0.0,0.0,0.0092,0.1153,0.0338,51.5493,1.437,0.479,False
S1,C 15->6,recommended,S235JR,0.3,880.0,400.0,0.6,1,1,forward,False,15.0,10.6,4.4,29.3333,29.3333,200.0,200.1305,989.9202,16.485,8.5061,0.1496,10.1515,True,29.6648,0.3472,7.0224,103.2325,1.3476,139.1196,825660.2136,12119.9497,24239.8995,72.7197,0.6,28.6479,1.6499,1088.1722,19.7841,7.9111,1065.8784,8.0,46.5769,0.0106,0.1,0.0388,59.2372,1.6513,0.5504,False
S1,C 15->6,recommended,S235JR,0.3,880.0,400.0,0.6,2,1,reverse,False,10.6,7.5,3.1,29.2453,50.0,200.1305,200.1759,1398.7695,16.485,7.1379,0.1252,10.1515,True,24.8998,0.346,8.3362,130.3436,1.4127,184.1369,917696.6213,11372.0081,22744.0162,68.232,0.6,28.6479,2.3313,1019.3015,21.7631,10.4335,991.34,8.0,51.5219,0.0118,0.1571,0.0431,65.8404,1.8354,0.6118,False
S1,C 15->6,recommended,S235JR,0.3,880.0,400.0,0.6,3,1,forward,False,7.5,6.0,1.5,20.0,60.0,200.1759,200.1846,1748.3861,16.485,4.9635,0.0868,10.1515,True,17.3205,0.2231,7.7299,154.2537,1.3849,213.626,740689.149,6483.8772,12967.7543,38.9033,0.6,28.6479,2.914,939.8181,18.4411,7.8075,908.9855,0.0,0.0,0.0095,0.1585,0.0348,53.1409,1.4814,0.4938,False
S1,B 20->10,recommended,S235JR,0.3,880.0,400.0,0.6,1,1,forward,False,20.0,15.8,4.2,21.0,21.0,300.0,300.0178,506.2991,18.84,8.3102,0.1461,10.1515,True,28.9828,0.2357,4.8799,86.422,1.2429,107.4115,933951.7359,13403.8154,26807.6307,80.4229,0.6,28.6479,0.8438,1111.7355,14.1692,4.1469,1097.7705,8.0,35.3843,0.0219,0.1383,0.0397,67.0066,1.8679,0.6226,False
S1,B 20->10,recommended,S235JR,0.3,880.0,400.0,0.6,2,1,reverse,False,15.8,12.5,3.3,20.8861,37.5,300.0178,300.0249,639.9469,18.84,7.3648,0.1293,10.1515,True,25.6905,0.2343,5.4716,101.9725,1.2723,129.7433,1000021.2178,12771.6943,25543.3885,76.6302,0.6,28.6479,1.0666,1062.3862,15.0729,4.9785,1046.9295,8.0,37.7924,0.0234,0.1872,0.0425,71.7468,2.0,0.6667,False
S1,B 20->10,recommended,S235JR,0.3,880.0,400.0,0.6,3,1,forward,False,12.5,10.0,2.5,20.0,50.0,300.0249,300.0274,799.9271,18.84,6.4092,0.1123,10.1515,True,22.3607,0.2231,5.9876,120.6128,1.2981,156.5726,1050412.6614,11736.3933,23472.7866,70.4184,0.6,28.6479,1.3332,1009.1371,15.5381,5.7224,992.2522,0.0,0.0,0.0246,0.2458,0.0447,75.3621,2.1008,0.7003,False
S1,B 20->8,recommended,S235JR,0.3,880.0,400.0,0.6,1,1,forward,False,20.0,14.1,5.9,29.5,29.5,300.0,300.0264,567.326,18.84,9.853,0.1737,10.1515,True,34.3511,0.3496,6.1056,94.3937,1.3022,122.9204,1266791.5612,21444.9335,42889.867,128.6696,0.6,28.6479,0.9455,1111.7355,17.6309,7.0375,1096.2594,8.0,38.8592,0.0296,0.2102,0.0539,90.8863,2.5336,0.8445,False
S1,B 20->8,recommended,S235JR,0.3,880.0,400.0,0.6,2,1,reverse,False,14.1,10.0,4.1,29.078,50.0,300.0264,300.0329,799.9124,18.84,8.2105,0.1443,10.1515,True,28.6356,0.3436,7.1992,113.6496,1.3565,154.1612,1324482.0518,18787.9212,37575.8425,112.7275,0.6,28.6479,1.3332,1057.4002,19.621,8.6754,1038.362,8.0,44.9534,0.031,0.3099,0.0563,95.0253,2.649,0.883,False
S1,B 20->8,recommended,S235JR,0.3,880.0,400.0,0.6,3,1,forward,False,10.0,8.0,2.0,20.0,60.0,300.0329,300.0337,999.8877,18.84,5.732,0.1004,10.1515,True,20.0,0.2231,6.6943,128.429,1.3333,171.2387,1027546.0644,10316.5625,20633.125,61.8994,0.6,28.6479,1.6665,993.4087,17.0541,6.2584,972.2596,0.0,0.0,0.024,0.3006,0.0437,73.7216,2.0551,0.685,False
S1,B 20->6,recommended,S235JR,0.3,880.0,400.0,0.6,1,1,forward,False,20.0,14.4,5.6,28.0,28.0,300.0,300.0248,555.5096,18.84,9.5986,0.1691,10.1515,True,33.4664,0.3285,5.8896,93.0813,1.2919,120.2478,1207328.3663,19925.5934,39851.1869,119.5536,0.6,28.6479,0.9258,1111.7355,17.027,6.4698,1096.4864,8.0,38.1829,0.0283,0.1962,0.0513,86.6201,2.4147,0.8049,False
S1,B 20->6,recommended,S235JR,0.3,880.0,400.0,0.6,2,1,reverse,False,14.4,10.4,4.0,27.7778,48.0,300.0248,300.0315,769.15,18.84,8.1096,0.1425,10.1515,True,28.2843,0.3254,6.9033,111.8033,1.3421,150.0566,1273392.1127,17848.4371,35696.8743,107.0906,0.6,28.6479,1.2819,1058.3035,18.852,7.9979,1039.9234,8.0,43.6031,0.0298,0.2865,0.0541,91.3599,2.5468,0.8489,False
S1,B 20->6,recommended,S235JR,0.3,880.0,400.0,0.6,3,1,forward,False,10.4,7.5,2.9,27.8846,62.5,300.0315,300.033,1066.5493,18.84,6.9035,0.1211,10.1515,True,24.0832,0.3269,8.1443,138.2693,1.4036,194.0788,1402361.5802,16828.2419,33656.4838,100.9695,0.6,28.6479,1.7776,996.3203,20.7218,10.3913,974.1454,8.0,48.6229,0.0328,0.4375,0.0596,100.6128,2.8047,0.9349,False
S1,B 20->6,recommended,S235JR,0.3,880.0,400.0,0.6,4,1,reverse,False,7.5,6.0,1.5,20.0,70.0,300.033,300.0332,1333.1858,18.84,4.9635,0.0868,10.1515,True,17.3205,0.2231,7.7299,161.1743,1.3849,223.2103,1159962.5175,10154.1308,20308.2616,60.9248,0.6,28.6479,2.222,925.5225,18.1073,8.1578,900.8117,0.0,0.0,0.0271,0.4524,0.0493,83.2218,2.3199,0.7733,False
S2,A 12->10,brief,S235JR,0.3,850.0,600.0,0.8,1,1,forward,False,12.0,10.0,2.0,16.6667,16.6667,250.0,250.0452,599.8914,11.775,4.6795,0.0819,15.2273,True,24.4949,0.1823,5.9546,131.5466,1.334,175.486,1074725.2489,13345.4553,26690.9107,71.1758,0.8,25.4648,0.7499,970.7657,12.4729,5.2403,959.9032,0.0,0.0,0.0064,0.0645,0.0217,38.0773,0.3582,0.1343,False
S2,A 12->8,brief,S235JR,0.3,850.0,600.0,0.8,1,1,forward,False,12.0,10.0,2.0,16.6667,16.6667,250.0,250.0452,599.8914,11.775,4.6795,0.0819,15.2273,True,24.4949,0.1823,5.9546,131.5466,1.334,175.486,1074725.2489,13345.4553,26690.9107,71.1758,0.8,25.4648,0.7499,970.7657,12.4729,5.2403,959.9032,8.0,36.4212,0.0064,0.0645,0.0217,38.0773,0.3582,0.1343,False
S2,A 12->8,brief,S235JR,0.3,850.0,600.0,0.8,2,1,reverse,False,10.0,8.0,2.0,20.0,33.3333,250.0452,250.0761,749.7717,11.775,4.6795,0.0819,15.2273,True,24.4949,0.2231,7.2878,160.9501,1.4082,226.6577,1388326.2301,17239.6114,34479.2229,91.9446,0.8,25.4648,0.9372,923.4821,14.3664,8.2838,912.5483,0.0,0.0,0.0083,0.1042,0.0281,49.1881,0.4628,0.1735,False
S2,A 12->6,brief,S235JR,0.3,850.0,600.0,0.8,1,1,forward,False,12.0,9.5,2.5,20.8333,20.8333,250.0,250.058,631.4325,11.775,5.2322,0.0916,15.2273,True,27.3861,0.2336,6.8243,138.9716,1.3821,192.0771,1315214.5284,18156.9856,36313.9711,96.8373,0.8,25.4648,0.7893,970.7657,14.2694,7.3494,959.8361,8.0,38.1017,0.0079,0.0831,0.0266,46.5977,0.4384,0.1644,False
S2,A 12->6,brief,S235JR,0.3,850.0,600.0,0.8,2,1,reverse,False,9.5,7.5,2.0,21.0526,37.5,250.058,250.0855,799.7266,11.775,4.6795,0.0819,15.2273,True,24.4949,0.2364,7.7204,164.4498,1.4323,235.5353,1442766.9978,17915.6324,35831.2649,95.55,0.8,25.4648,0.9997,921.7344,15.1771,9.1192,910.2081,8.0,40.6698,0.0087,0.1155,0.0292,51.1169,0.4809,0.1803,False
S2,A 12->6,brief,S235JR,0.3,850.0,600.0,0.8,3,1,forward,False,7.5,6.0,1.5,20.0,50.0,250.0855,250.0966,999.6138,11.775,4.0523,0.0708,15.2273,True,21.2132,0.2231,8.4153,193.5239,1.4714,284.752,1510675.152,16379.2501,32758.5002,87.356,0.8,25.4648,1.2495,869.5383,15.4319,10.407,857.3317,0.0,0.0,0.0091,0.1511,0.0306,53.5229,0.5036,0.1888,False
S2,C 15->10,brief,S235JR,0.3,850.0,600.0,0.8,1,1,forward,False,15.0,12.5,2.5,16.6667,16.6667,200.0,200.2433,838.9794,16.485,5.2322,0.0916,15.2273,True,27.3861,0.1823,5.326,117.4837,1.2988,152.5828,836238.8265,11544.5625,23089.125,61.571,0.8,25.4648,1.0487,1002.8693,11.5924,4.5564,991.2821,8.0,32.8303,0.0037,0.0294,0.0174,29.6277,0.2787,0.1045,False
S2,C 15->10,brief,S235JR,0.3,850.0,600.0,0.8,2,1,reverse,False,12.5,10.0,2.5,20.0,33.3333,200.2433,200.4374,1047.7086,16.485,5.2322,0.0916,15.2273,True,27.3861,0.2231,6.5184,142.4845,1.3651,194.5124,1067201.5252,14733.0814,29466.1628,78.5764,0.8,25.4648,1.3096,958.4518,13.4306,7.109,946.0129,0.0,0.0,0.0047,0.047,0.0222,37.8107,0.3557,0.1334,False
S2,C 15->8,brief,S235JR,0.3,850.0,600.0,0.8,1,1,forward,False,15.0,12.0,3.0,20.0,20.0,200.0,200.2978,873.699,16.485,5.732,0.1004,15.2273,True,30.0,0.2231,5.9505,122.8569,1.3333,163.8092,983587.2085,14812.8234,29625.6467,79.0017,0.8,25.4648,1.0921,1002.8693,12.934,5.9868,991.0033,8.0,33.9947,0.0043,0.036,0.0204,34.8483,0.3279,0.1229,False
S2,C 15->8,brief,S235JR,0.3,850.0,600.0,0.8,2,1,reverse,False,12.0,10.0,2.0,16.6667,33.3333,200.2978,200.4412,1047.6888,16.485,4.6795,0.0819,15.2273,True,24.4949,0.1823,5.9546,137.2214,1.334,183.0563,898446.1007,11156.5001,22313.0001,59.5013,0.8,25.4648,1.3096,957.0085,12.2638,5.4664,944.1292,8.0,34.8749,0.004,0.0395,0.0187,31.8317,0.2995,0.1123,False
S2,C 15->8,brief,S235JR,0.3,850.0,600.0,0.8,3,1,forward,False,10.0,8.0,2.0,20.0,46.6667,200.4412,200.5508,1308.8954,16.485,4.6795,0.0819,15.2273,True,24.4949,0.2231,7.2878,168.1361,1.4082,236.7773,1162843.9124,14439.6733,28879.3466,77.0116,0.8,25.4648,1.6361,909.2543,14.1021,8.6536,895.7048,0.0,0.0,0.0051,0.064,0.0242,41.1993,0.3876,0.1454,False
S2,C 15->6,brief,S235JR,0.3,850.0,600.0,0.8,1,1,forward,False,15.0,11.5,3.5,23.3333,23.3333,200.0,200.3547,911.4272,16.485,6.1917,0.1085,15.2273,True,32.4037,0.2657,6.5598,127.7249,1.3668,174.5788,1132403.0459,18360.5312,36721.0625,97.9228,0.8,25.4648,1.1393,1002.8693,14.2339,7.5974,990.8946,8.0,35.2746,0.005,0.0433,0.0235,40.1208,0.3775,0.1416,False
S2,C 15->6,brief,S235JR,0.3,850.0,600.0,0.8,2,1,reverse,False,11.5,9.0,2.5,21.7391,40.0,200.3547,200.5279,1163.5954,16.485,5.2322,0.0916,15.2273,True,27.3861,0.2451,7.1605,147.5594,1.4008,206.6971,1134624.8422,15663.8833,31327.7666,83.5407,0.8,25.4648,1.4545,955.6199,14.6893,8.2984,941.8081,8.0,38.041,0.005,0.0555,0.0236,40.1995,0.3782,0.1418,False
S2,C 15->6,brief,S235JR,0.3,850.0,600.0,0.8,3,1,forward,False,9.0,7.5,1.5,16.6667,50.0,200.5279,200.5949,1395.8483,16.485,4.0523,0.0708,15.2273,True,21.2132,0.1823,6.8758,164.6376,1.3857,228.1374,970621.9317,10523.8107,21047.6214,56.127,0.8,25.4648,1.7448,903.7671,13.2267,6.8125,888.3621,8.0,38.2092,0.0043,0.057,0.0202,34.3889,0.3235,0.1213,False
S2,C 15->6,brief,S235JR,0.3,850.0,600.0,0.8,4,2,reverse,True,7.5,6.0,1.5,20.0,60.0,200.5949,200.643,1744.3922,16.485,4.0523,0.0708,15.2273,True,21.2132,0.2231,8.4153,194.969,1.4714,286.8782,1220887.6658,13237.2763,26474.5526,70.5988,0.8,25.4648,2.1805,867.1151,15.3799,10.4847,849.8453,0.0,0.0,0.0054,0.0897,0.0254,43.2558,0.407,0.1526,True
S2,B 20->10,brief,S235JR,0.3,850.0,600.0,0.8,1,1,forward,False,20.0,16.0,4.0,20.0,20.0,300.0,300.0898,499.8504,18.84,6.6196,0.1161,15.2273,True,34.641,0.2231,5.1533,107.3781,1.2887,138.3755,1438255.9461,24864.1197,49728.2394,132.6086,0.8,25.4648,0.6248,1040.6427,11.6973,5.0573,1031.6114,8.0,29.2442,0.0112,0.0699,0.0282,50.9571,0.4794,0.1798,False
S2,B 20->10,brief,S235JR,0.3,850.0,600.0,0.8,2,1,reverse,False,16.0,13.0,3.0,18.75,35.0,300.0898,300.1316,615.1147,18.84,5.732,0.1004,15.2273,True,30.0,0.2076,5.537,120.5902,1.3103,158.0148,1422658.0308,21425.2299,42850.4599,114.2679,0.8,25.4648,0.7689,1002.3672,12.0349,5.3738,992.5309,8.0,31.3739,0.0111,0.0851,0.0279,50.4044,0.4742,0.1778,False
S2,B 20->10,brief,S235JR,0.3,850.0,600.0,0.8,3,1,forward,False,13.0,10.0,3.0,23.0769,50.0,300.1316,300.1577,799.5796,18.84,5.732,0.1004,15.2273,True,30.0,0.2624,6.9964,146.1179,1.3913,203.2945,1830533.1938,27567.8299,55135.6598,147.0284,0.8,25.4648,0.9995,961.1571,14.4408,8.7359,950.7864,0.0,0.0,0.0142,0.1424,0.0358,64.8554,0.6102,0.2288,False
S2,B 20->8,brief,S235JR,0.3,850.0,600.0,0.8,1,1,forward,False,20.0,16.0,4.0,20.0,20.0,300.0,300.0898,499.8504,18.84,6.6196,0.1161,15.2273,True,34.641,0.2231,5.1533,107.3781,1.2887,138.3755,1438255.9461,24864.1197,49728.2394,132.6086,0.8,25.4648,0.6248,1040.6427,11.6973,5.0573,1031.6114,8.0,29.2442,0.0112,0.0699,0.0282,50.9571,0.4794,0.1798,False
S2,B 20->8,brief,S235JR,0.3,850.0,600.0,0.8,2,1,reverse,False,16.0,12.5,3.5,21.875,37.5,300.0898,300.1396,639.7024,18.84,6.1917,0.1085,15.2273,True,32.4037,0.2469,6.0946,125.3142,1.3411,168.0578,1634332.7069,26498.7072,52997.4143,141.3264,0.8,25.4648,0.7996,1002.3672,13.2273,6.7949,992.5101,8.0,32.4742,0.0127,0.1017,0.032,57.904,0.5448,0.2043,False
S2,B 20->8,brief,S235JR,0.3,850.0,600.0,0.8,3,1,forward,False,12.5,10.0,2.5,20.0,50.0,300.1396,300.1588,799.5767,18.84,5.2322,0.0916,15.2273,True,27.3861,0.2231,6.5184,141.7932,1.3651,193.5688,1591120.6246,21965.9634,43931.9268,117.1518,0.8,25.4648,0.9995,960.0359,13.4569,7.0745,949.013,8.0,34.9442,0.0124,0.1238,0.0312,56.373,0.5304,0.1989,False
S2,B 20->8,brief,S235JR,0.3,850.0,600.0,0.8,4,1,reverse,False,10.0,8.0,2.0,20.0,60.0,300.1588,300.1671,999.4434,18.84,4.6795,0.0819,15.2273,True,24.4949,0.2231,7.2878,165.6692,1.4082,233.3034,1715353.8603,21300.4936,42600.9873,113.6026,0.8,25.4648,1.2493,914.0688,14.1915,8.5267,902.1776,0.0,0.0,0.0133,0.1668,0.0336,60.7746,0.5718,0.2144,False
S2,B 20->6,brief,S235JR,0.3,850.0,600.0,0.8,1,1,forward,False,20.0,16.0,4.0,20.0,20.0,300.0,300.0898,499.8504,18.84,6.6196,0.1161,15.2273,True,34.641,0.2231,5.1533,107.3781,1.2887,138.3755,1438255.9461,24864.1197,49728.2394,132.6086,0.8,25.4648,0.6248,1040.6427,11.6973,5.0573,1031.6114,8.0,29.2442,0.0112,0.0699,0.0282,50.9571,0.4794,0.1798,False
S2,B 20->6,brief,S235JR,0.3,850.0,600.0,0.8,2,1,reverse,False,16.0,12.5,3.5,21.875,37.5,300.0898,300.1396,639.7024,18.84,6.1917,0.1085,15.2273,True,32.4037,0.2469,6.0946,125.3142,1.3411,168.0578,1634332.7069,26498.7072,52997.4143,141.3264,0.8,25.4648,0.7996,1002.3672,13.2273,6.7949,992.5101,8.0,32.4742,0.0127,0.1017,0.032,57.904,0.5448,0.2043,False
S2,B 20->6,brief,S235JR,0.3,850.0,600.0,0.8,3,1,forward,False,12.5,9.5,3.0,24.0,52.5,300.1396,300.1633,841.6472,18.84,5.732,0.1004,15.2273,True,30.0,0.2744,7.3183,148.4803,1.4091,209.2223,1883950.8707,28372.3001,56744.6002,151.3189,0.8,25.4648,1.0521,960.0359,15.0764,9.4043,949.229,8.0,36.6131,0.0147,0.1543,0.0369,66.7479,0.628,0.2355,False
S2,B 20->6,brief,S235JR,0.3,850.0,600.0,0.8,4,1,reverse,False,9.5,7.5,2.0,21.0526,62.5,300.1633,300.1704,1066.0613,18.84,4.6795,0.0819,15.2273,True,24.4949,0.2364,7.7204,169.1184,1.4323,242.222,1780950.3885,22115.0419,44230.0837,117.9469,0.8,25.4648,1.3326,912.616,14.9978,9.3781,899.9699,8.0,39.1838,0.0139,0.1847,0.0349,63.0987,0.5937,0.2226,False
S2,B 20->6,brief,S235JR,0.3,850.0,600.0,0.8,5,2,forward,True,7.5,6.0,1.5,20.0,70.0,300.1704,300.1728,1332.5659,18.84,4.0523,0.0708,15.2273,True,21.2132,0.2231,8.4153,193.7951,1.4714,285.151,1815727.7474,19686.7333,39373.4666,104.9959,0.8,25.4648,1.6657,869.0821,15.4221,10.4216,854.6084,0.0,0.0,0.0141,0.2354,0.0356,64.3308,0.6052,0.227,False
S2,A 12->10,recommended,S235JR,0.3,850.0,600.0,0.8,1,1,forward,False,12.0,10.0,2.0,16.6667,16.6667,250.0,250.0452,599.8914,11.775,4.6795,0.0819,15.2273,True,24.4949,0.1823,5.9546,131.5466,1.334,175.486,1074725.2489,13345.4553,26690.9107,71.1758,0.8,25.4648,0.7499,970.7657,12.4729,5.2403,959.9032,0.0,0.0,0.0064,0.0645,0.0217,38.0773,0.3582,0.1343,False
S2,A 12->8,recommended,S235JR,0.3,850.0,600.0,0.8,1,1,forward,False,12.0,9.8,2.2,18.3333,18.3333,250.0,250.0503,612.1218,11.775,4.908,0.0859,15.2273,True,25.6905,0.2025,6.3066,134.6382,1.3535,182.2379,1170561.9427,15207.2657,30414.5313,81.1054,0.8,25.4648,0.7652,970.7657,13.2017,6.0449,959.8346,8.0,37.069,0.007,0.0717,0.0237,41.4727,0.3902,0.1463,False
S2,A 12->8,recommended,S235JR,0.3,850.0,600.0,0.8,2,1,reverse,False,9.8,8.0,1.8,18.3673,33.3333,250.0503,250.0765,749.7706,11.775,4.4392,0.0776,15.2273,True,23.2379,0.2029,6.9865,158.1541,1.3917,220.0952,1278961.6218,15109.8982,30219.7964,80.5861,0.8,25.4648,0.9372,922.7657,13.7695,7.3157,911.4769,0.0,0.0,0.0077,0.096,0.0259,45.3133,0.4263,0.1599,False
S2,A 12->6,recommended,S235JR,0.3,850.0,600.0,0.8,1,1,forward,False,12.0,9.5,2.5,20.8333,20.8333,250.0,250.058,631.4325,11.775,5.2322,0.0916,15.2273,True,27.3861,0.2336,6.8243,138.9716,1.3821,192.0771,1315214.5284,18156.9856,36313.9711,96.8373,0.8,25.4648,0.7893,970.7657,14.2694,7.3494,959.8361,8.0,38.1017,0.0079,0.0831,0.0266,46.5977,0.4384,0.1644,False
S2,A 12->6,recommended,S235JR,0.3,850.0,600.0,0.8,2,1,reverse,False,9.5,7.5,2.0,21.0526,37.5,250.058,250.0855,799.7266,11.775,4.6795,0.0819,15.2273,True,24.4949,0.2364,7.7204,164.4498,1.4323,235.5353,1442766.9978,17915.6324,35831.2649,95.55,0.8,25.4648,0.9997,921.7344,15.1771,9.1192,910.2081,8.0,40.6698,0.0087,0.1155,0.0292,51.1169,0.4809,0.1803,False
S2,A 12->6,recommended,S235JR,0.3,850.0,600.0,0.8,3,1,forward,False,7.5,6.0,1.5,20.0,50.0,250.0855,250.0966,999.6138,11.775,4.0523,0.0708,15.2273,True,21.2132,0.2231,8.4153,193.5239,1.4714,284.752,1510675.152,16379.2501,32758.5002,87.356,0.8,25.4648,1.2495,869.5383,15.4319,10.407,857.3317,0.0,0.0,0.0091,0.1511,0.0306,53.5229,0.5036,0.1888,False
S2,C 15->10,recommended,S235JR,0.3,850.0,600.0,0.8,1,1,forward,False,15.0,12.2,2.8,18.6667,18.6667,200.0,200.2757,859.4708,16.485,5.5375,0.0969,15.2273,True,28.9828,0.2066,5.7031,120.7782,1.3197,159.3865,924528.6855,13471.9747,26943.9494,71.8505,0.8,25.4648,1.0743,1002.8693,12.4036,5.3937,991.0934,8.0,33.5158,0.0041,0.0333,0.0192,32.7558,0.3082,0.1156,False
S2,C 15->10,recommended,S235JR,0.3,850.0,600.0,0.8,2,1,reverse,False,12.2,10.0,2.2,18.0328,33.3333,200.2757,200.4387,1047.702,16.485,4.908,0.0859,15.2273,True,25.6905,0.1989,6.1922,139.4844,1.3472,187.909,967218.5158,12565.5451,25131.0903,67.0162,0.8,25.4648,1.3096,957.5776,12.7555,6.12,944.8468,0.0,0.0,0.0043,0.0426,0.0201,34.2683,0.3224,0.1209,False
S2,C 15->8,recommended,S235JR,0.3,850.0,600.0,0.8,1,1,forward,False,15.0,12.2,2.8,18.6667,18.6667,200.0,200.2757,859.4708,16.485,5.5375,0.0969,15.2273,True,28.9828,0.2066,5.7031,120.7782,1.3197,159.3865,924528.6855,13471.9747,26943.9494,71.8505,0.8,25.4648,1.0743,1002.8693,12.4036,5.3937,991.0934,8.0,33.5158,0.0041,0.0333,0.0192,32.7558,0.3082,0.1156,False
S2,C 15->8,recommended,S235JR,0.3,850.0,600.0,0.8,2,1,reverse,False,12.2,9.9,2.3,18.8525,34.0,200.2757,200.4469,1058.2413,16.485,5.0184,0.0878,15.2273,True,26.2679,0.2089,6.3622,141.0154,1.3566,191.2983,1006814.9114,13358.9926,26717.9853,71.248,0.8,25.4648,1.3228,957.5776,13.1012,6.5453,944.8065,8.0,35.2572,0.0044,0.0448,0.0209,35.6712,0.3356,0.1259,False
S2,C 15->8,recommended,S235JR,0.3,850.0,600.0,0.8,3,1,forward,False,9.9,8.0,1.9,19.1919,46.6667,200.4469,200.5488,1308.9085,16.485,4.5609,0.0798,15.2273,True,23.8747,0.2131,7.1404,166.384,1.4001,232.9599,1115136.9914,13515.2852,27030.5704,72.0815,0.8,25.4648,1.6361,909.5493,13.8272,8.1307,895.7504,0.0,0.0,0.0049,0.0614,0.0232,39.509,0.3717,0.1394,False
S2,C 15->6,recommended,S235JR,0.3,850.0,600.0,0.8,1,1,forward,False,15.0,10.6,4.4,29.3333,29.3333,200.0,200.4636,988.2753,16.485,6.9431,0.1218,15.2273,True,36.3318,0.3472,7.645,135.6268,1.4258,193.3717,1406737.0327,25460.9078,50921.8156,135.7915,0.8,25.4648,1.2353,1002.8693,16.5205,10.9962,991.0896,8.0,37.9141,0.0062,0.0584,0.0292,49.8404,0.4689,0.1758,False
S2,C 15->6,recommended,S235JR,0.3,850.0,600.0,0.8,2,1,reverse,False,10.6,7.5,3.1,29.2453,50.0,200.4636,200.6616,1395.384,16.485,5.8268,0.102,15.2273,True,30.4959,0.346,9.0753,161.4546,1.5055,243.0629,1486654.6324,22742.8911,45485.7822,121.2954,0.8,25.4648,1.7442,953.1755,18.47,13.7723,937.9687,8.0,44.2608,0.0066,0.0874,0.0309,52.6718,0.4956,0.1858,False
S2,C 15->6,recommended,S235JR,0.3,850.0,600.0,0.8,3,1,forward,False,7.5,6.0,1.5,20.0,60.0,200.6616,200.7096,1743.8129,16.485,4.0523,0.0708,15.2273,True,21.2132,0.2231,8.4153,179.6841,1.4714,264.388,1125548.6708,12203.5787,24407.1575,65.0858,0.8,25.4648,2.1798,893.7079,15.9503,9.6628,874.0279,0.0,0.0,0.005,0.0827,0.0234,39.8779,0.3752,0.1407,False
S2,B 20->10,recommended,S235JR,0.3,850.0,600.0,0.8,1,1,forward,False,20.0,15.8,4.2,21.0,21.0,300.0,300.0948,506.1691,18.84,6.7833,0.1189,15.2273,True,35.4965,0.2357,5.3126,108.6944,1.2975,141.0263,1502018.0164,26583.1801,53166.3603,141.777,0.8,25.4648,0.6327,1040.6427,12.0531,5.4447,1031.5854,8.0,29.559,0.0117,0.0739,0.0294,53.2161,0.5007,0.1878,False
S2,B 20->10,recommended,S235JR,0.3,850.0,600.0,0.8,2,1,reverse,False,15.8,12.5,3.3,20.8861,37.5,300.0948,300.1402,639.7011,18.84,6.012,0.1053,15.2273,True,31.4643,0.2343,5.9568,124.0954,1.3335,165.4867,1562686.7719,24632.3931,49264.7863,131.3728,0.8,25.4648,0.7996,1002.0264,12.9294,6.35,992.0272,8.0,32.4296,0.0122,0.0972,0.0306,55.3656,0.5209,0.1953,False
S2,B 20->10,recommended,S235JR,0.3,850.0,600.0,0.8,3,1,forward,False,12.5,10.0,2.5,20.0,50.0,300.1402,300.1595,799.575,18.84,5.2322,0.0916,15.2273,True,27.3861,0.2231,6.5184,141.9841,1.3651,193.8294,1593266.5372,21995.5885,43991.1769,117.3098,0.8,25.4648,0.9995,959.5976,13.4496,7.084,948.5974,0.0,0.0,0.0124,0.1239,0.0312,56.4491,0.5311,0.1992,False
S2,B 20->8,recommended,S235JR,0.3,850.0,600.0,0.8,1,1,forward,False,20.0,14.1,5.9,29.5,29.5,300.0,300.1407,567.11,18.84,8.0416,0.1413,15.2273,True,42.0714,0.3496,6.6469,118.7206,1.3701,162.6625,2053511.936,42824.4649,85648.9297,228.3971,0.8,25.4648,0.7089,1040.6427,14.9979,9.3128,1031.9111,8.0,32.6419,0.016,0.1133,0.0402,72.7554,0.6845,0.2567,False
S2,B 20->8,recommended,S235JR,0.3,850.0,600.0,0.8,2,1,reverse,False,14.1,10.0,4.1,29.078,50.0,300.1407,300.186,799.5042,18.84,6.702,0.1175,15.2273,True,35.0714,0.3436,7.8375,137.3628,1.4366,197.3317,2077337.5237,36341.4636,72682.9273,193.8211,0.8,25.4648,0.9994,999.2691,16.8684,11.1048,988.282,8.0,39.1167,0.0162,0.1616,0.0407,73.5996,0.6924,0.2597,False
S2,B 20->8,recommended,S235JR,0.3,850.0,600.0,0.8,3,1,forward,False,10.0,8.0,2.0,20.0,60.0,300.186,300.1943,999.3528,18.84,4.6795,0.0819,15.2273,True,24.4949,0.2231,7.2878,148.747,1.4082,209.4727,1540279.2968,19126.4964,38252.9927,102.008,0.8,25.4648,1.2492,949.1653,14.8434,7.6557,935.077,0.0,0.0,0.012,0.1498,0.0302,54.5717,0.5134,0.1925,False
S2,B 20->6,recommended,S235JR,0.3,850.0,600.0,0.8,1,1,forward,False,20.0,14.4,5.6,28.0,28.0,300.0,300.1322,555.3109,18.84,7.8342,0.1376,15.2273,True,40.9878,0.3285,6.4117,117.0699,1.3575,158.9168,1954525.3746,39743.6033,79487.2066,211.9659,0.8,25.4648,0.6941,1040.6427,14.4842,8.5504,1031.7839,8.0,32.0394,0.0152,0.1056,0.0383,69.2484,0.6515,0.2443,False
S2,B 20->6,recommended,S235JR,0.3,850.0,600.0,0.8,2,1,reverse,False,14.4,10.4,4.0,27.7778,48.0,300.1322,300.1784,768.7736,18.84,6.6196,0.1161,15.2273,True,34.641,0.3254,7.5153,135.3089,1.419,192.0094,1996453.1325,34514.0584,69028.1167,184.075,0.8,25.4648,0.961,999.7445,16.2002,10.234,988.9319,8.0,37.8418,0.0155,0.1494,0.0391,70.7339,0.6655,0.2496,False
S2,B 20->6,recommended,S235JR,0.3,850.0,600.0,0.8,3,1,forward,False,10.4,7.5,2.9,27.8846,62.5,300.1784,300.1925,1065.9827,18.84,5.6355,0.0987,15.2273,True,29.4958,0.3269,8.8664,160.63,1.4943,240.0362,2125328.0927,31493.0393,62986.0786,167.9629,0.8,25.4648,1.3325,951.0901,18.017,12.852,938.0105,8.0,43.8396,0.0165,0.2205,0.0416,75.2999,0.7084,0.2657,False
S2,B 20->6,recommended,S235JR,0.3,850.0,600.0,0.8,4,1,reverse,False,7.5,6.0,1.5,20.0,70.0,300.1925,300.1949,1332.4677,18.84,4.0523,0.0708,15.2273,True,21.2132,0.2231,8.4153,179.4289,1.4714,264.0125,1681249.8275,18228.6783,36457.3566,97.2196,0.8,25.4648,1.6656,894.1709,15.9602,9.649,877.6482,0.0,0.0,0.0131,0.218,0.0329,59.5663,0.5604,0.2102,False
S3,A 12->10,brief,S235JR,0.3,850.0,750.0,1.5,1,1,forward,False,12.0,10.0,2.0,16.6667,16.6667,250.0,250.1014,599.7567,11.775,4.1852,0.0732,19.0342,True,27.3861,0.1823,9.9862,122.5757,1.3734,168.3512,1152855.7768,16105.7888,32211.5775,128.8463,1.5,38.1972,0.3998,1015.6672,7.8442,5.0272,1010.6062,0.0,0.0,0.0051,0.051,0.0701,25.0954,0.3843,0.1921,False
S3,A 12->8,brief,S235JR,0.3,850.0,750.0,1.5,1,1,forward,False,12.0,10.0,2.0,16.6667,16.6667,250.0,250.1014,599.7567,11.775,4.1852,0.0732,19.0342,True,27.3861,0.1823,9.9862,122.5757,1.3734,168.3512,1152855.7768,16105.7888,32211.5775,128.8463,1.5,38.1972,0.3998,1015.6672,7.8442,5.0272,1010.6062,10.0,51.7905,0.0051,0.051,0.0701,25.0954,0.3843,0.1921,False
S3,A 12->8,brief,S235JR,0.3,850.0,750.0,1.5,2,1,reverse,False,10.0,8.0,2.0,20.0,33.3333,250.1014,250.1754,749.4743,11.775,4.1852,0.0732,19.0342,True,27.3861,0.2231,12.2221,154.4445,1.4564,224.9385,1540900.8276,21526.9106,43053.8212,172.2153,1.5,38.1972,0.4996,958.8157,8.9578,8.221,955.14,0.0,0.0,0.0068,0.0853,0.0938,33.5424,0.5136,0.2568,False
S3,A 12->6,brief,S235JR,0.3,850.0,750.0,1.5,1,1,forward,False,12.0,9.5,2.5,20.8333,20.8333,250.0,250.1299,631.2509,11.775,4.6795,0.0819,19.0342,True,30.6186,0.2336,11.4447,129.4943,1.4272,184.819,1415093.3667,21964.9921,43929.9843,175.7199,1.5,38.1972,0.4208,1015.6672,8.9741,7.0717,1011.2811,10.0,54.2393,0.0063,0.0659,0.0861,30.8038,0.4717,0.2358,False
S3,A 12->6,brief,S235JR,0.3,850.0,750.0,1.5,2,1,reverse,False,9.5,7.5,2.0,21.0526,37.5,250.1299,250.1972,799.3696,11.775,4.1852,0.0732,19.0342,True,27.3861,0.2364,12.9475,157.8155,1.4833,234.0853,1603720.597,22404.5242,44809.0484,179.2362,1.5,38.1972,0.5329,957.0418,9.4639,9.0631,953.3243,10.0,56.6962,0.0071,0.0947,0.0976,34.9099,0.5346,0.2673,False
S3,A 12->6,brief,S235JR,0.3,850.0,750.0,1.5,3,1,forward,False,7.5,6.0,1.5,20.0,50.0,250.1972,250.2271,999.0925,11.775,3.6243,0.0633,19.0342,True,23.7171,0.2231,14.1128,190.4615,1.527,290.8436,1725953.4269,21072.5098,42145.0197,168.5801,1.5,38.1972,0.6661,896.6281,9.5483,10.6296,893.4341,0.0,0.0,0.0076,0.1274,0.105,37.5706,0.5753,0.2877,False
S3,C 15->10,brief,S235JR,0.3,850.0,750.0,1.5,1,1,forward,False,15.0,12.5,2.5,16.6667,16.6667,200.0,200.4368,838.1696,16.485,4.6795,0.0819,19.0342,True,30.6186,0.1823,8.9319,111.11,1.334,148.223,908668.2021,14104.2919,28208.5838,112.8343,1.5,38.1972,0.5588,1042.9324,7.2371,4.4262,1037.3567,10.0,46.0759,0.0029,0.0231,0.0557,19.7799,0.3029,0.1514,False
S3,C 15->10,brief,S235JR,0.3,850.0,750.0,1.5,2,1,reverse,False,12.5,10.0,2.5,20.0,33.3333,200.4368,200.8017,1045.8077,16.485,4.6795,0.0819,19.0342,True,30.6186,0.2231,10.9318,137.7806,1.4082,194.0293,1191861.0864,18499.9944,36999.9889,148.0,1.5,38.1972,0.6972,991.2808,8.3337,7.0913,986.3767,0.0,0.0,0.0038,0.038,0.073,25.9445,0.3973,0.1986,False
S3,C 15->8,brief,S235JR,0.3,850.0,750.0,1.5,1,1,forward,False,15.0,12.0,3.0,20.0,20.0,200.0,200.5347,872.6669,16.485,5.1264,0.0897,19.0342,True,33.541,0.2231,9.9793,116.1917,1.3727,159.4938,1071347.1834,18132.2184,36264.4367,145.0577,1.5,38.1972,0.5818,1042.9324,8.0746,5.8291,1037.6947,10.0,47.7611,0.0034,0.0284,0.0657,23.3211,0.3571,0.1786,False
S3,C 15->8,brief,S235JR,0.3,850.0,750.0,1.5,2,1,reverse,False,12.0,10.0,2.0,16.6667,33.3333,200.5347,200.8072,1045.7792,16.485,4.1852,0.0732,19.0342,True,27.3861,0.1823,9.9862,132.6522,1.3734,182.1908,1001248.0519,13987.7771,27975.5542,111.9022,1.5,38.1972,0.6972,989.9336,7.6111,5.4405,984.1258,10.0,48.2308,0.0032,0.0319,0.0614,21.7952,0.3337,0.1669,False
S3,C 15->8,brief,S235JR,0.3,850.0,750.0,1.5,3,1,forward,False,10.0,8.0,2.0,20.0,46.6667,200.8072,201.0265,1305.7978,16.485,4.1852,0.0732,19.0342,True,27.3861,0.2231,12.2221,165.7037,1.4564,241.3368,1327915.9516,18551.4392,37102.8783,148.4115,1.5,38.1972,0.8705,935.895,8.7039,8.8203,931.2233,0.0,0.0,0.0042,0.053,0.0814,28.9061,0.4426,0.2213,False
S3,C 15->6,brief,S235JR,0.3,850.0,750.0,1.5,1,1,forward,False,15.0,11.5,3.5,23.3333,23.3333,200.0,200.6368,910.1454,16.485,5.5375,0.0969,19.0342,True,36.2284,0.2657,11.0012,120.7956,1.4101,170.3379,1236180.2218,22516.5927,45033.1853,180.1327,1.5,38.1972,0.6068,1042.9324,8.8862,7.4128,1038.2075,10.0,49.6089,0.0039,0.0342,0.0758,26.9092,0.4121,0.206,False
S3,C 15->6,brief,S235JR,0.3,850.0,750.0,1.5,2,1,reverse,False,11.5,9.0,2.5,21.7391,40.0,200.6368,200.9699,1161.0363,16.485,4.6795,0.0819,19.0342,True,30.6186,0.2451,12.0085,142.6225,1.4481,206.5284,1269803.0693,19709.8051,39419.6102,157.6784,1.5,38.1972,0.774,988.5986,9.1176,8.2916,983.3189,10.0,52.752,0.0041,0.045,0.0778,27.6411,0.4233,0.2116,False
S3,C 15->6,brief,S235JR,0.3,850.0,750.0,1.5,3,1,forward,False,9.0,7.5,1.5,16.6667,50.0,200.9699,201.1082,1392.285,16.485,3.6243,0.0633,19.0342,True,23.7171,0.1823,11.531,162.1766,1.4312,232.1104,1106716.1505,13512.1184,27024.2367,108.0969,1.5,38.1972,0.9282,930.5669,8.1673,6.9312,924.0161,10.0,52.2771,0.0035,0.0471,0.0678,24.0911,0.3689,0.1845,False
S3,C 15->6,brief,S235JR,0.3,850.0,750.0,1.5,4,1,reverse,False,7.5,6.0,1.5,20.0,60.0,201.1082,201.2137,1739.4445,16.485,3.6243,0.0633,19.0342,True,23.7171,0.2231,14.1128,205.585,1.527,313.9378,1497781.9869,18286.7192,36573.4384,146.2938,1.5,38.1972,1.1596,871.739,9.23,11.4737,867.0869,0.0,0.0,0.0048,0.0798,0.0918,32.6038,0.4993,0.2496,False
S3,B 20->10,brief,S235JR,0.3,850.0,750.0,1.5,1,1,forward,False,20.0,16.0,4.0,20.0,20.0,300.0,300.1943,499.6764,18.84,5.9201,0.1037,19.0342,True,38.7298,0.2231,8.6423,103.5296,1.3227,136.9436,1591656.1531,30902.5136,61805.0273,247.2201,1.5,38.1972,0.3331,1074.4258,7.2395,5.005,1070.7686,10.0,40.2518,0.0093,0.0582,0.096,34.6472,0.5306,0.2653,False
S3,B 20->10,brief,S235JR,0.3,850.0,750.0,1.5,2,1,reverse,False,16.0,13.0,3.0,18.75,35.0,300.1943,300.2923,614.7856,18.84,5.1264,0.0897,19.0342,True,33.541,0.2076,9.2859,118.2964,1.347,159.3425,1604652.8703,27158.2515,54316.503,217.266,1.5,38.1972,0.4099,1030.5169,7.4132,5.419,1026.657,10.0,42.6449,0.0094,0.0722,0.0968,34.9302,0.5349,0.2674,False
S3,B 20->10,brief,S235JR,0.3,850.0,750.0,1.5,3,1,forward,False,13.0,10.0,3.0,23.0769,50.0,300.2923,300.3586,799.045,18.84,5.1264,0.0897,19.0342,True,33.541,0.2624,11.7333,145.6875,1.4375,209.4246,2109580.0393,35703.987,71407.974,285.6319,1.5,38.1972,0.5327,984.0121,8.8535,8.9993,981.4399,0.0,0.0,0.0124,0.1235,0.1272,45.9214,0.7032,0.3516,False
S3,B 20->8,brief,S235JR,0.3,850.0,750.0,1.5,1,1,forward,False,20.0,16.0,4.0,20.0,20.0,300.0,300.1943,499.6764,18.84,5.9201,0.1037,19.0342,True,38.7298,0.2231,8.6423,103.5296,1.3227,136.9436,1591656.1531,30902.5136,61805.0273,247.2201,1.5,38.1972,0.3331,1074.4258,7.2395,5.005,1070.7686,10.0,40.2518,0.0093,0.0582,0.096,34.6472,0.5306,0.2653,False
S3,B 20->8,brief,S235JR,0.3,850.0,750.0,1.5,2,1,reverse,False,16.0,12.5,3.5,21.875,37.5,300.1943,300.3108,639.3376,18.84,5.5375,0.0969,19.0342,True,36.2284,0.2469,10.221,122.9305,1.3814,169.8103,1847142.3204,33645.0547,67290.1095,269.1604,1.5,38.1972,0.4262,1030.5169,8.1477,6.8658,1027.2196,10.0,44.1877,0.0108,0.0865,0.1114,40.2087,0.6157,0.3079,False
S3,B 20->8,brief,S235JR,0.3,850.0,750.0,1.5,3,1,forward,False,12.5,10.0,2.5,20.0,50.0,300.3108,300.3606,799.0397,18.84,4.6795,0.0819,19.0342,True,30.6186,0.2231,10.9318,141.3144,1.4082,199.0057,1830029.9263,28405.6119,56811.2238,227.2449,1.5,38.1972,0.5327,983.0318,8.252,7.2732,979.3519,10.0,47.0192,0.0107,0.1071,0.1103,39.8362,0.61,0.305,False
S3,B 20->8,brief,S235JR,0.3,850.0,750.0,1.5,4,1,reverse,False,10.0,8.0,2.0,20.0,60.0,300.3606,300.384,998.7216,18.84,4.1852,0.0732,19.0342,True,27.3861,0.2231,12.2221,167.5258,1.4564,243.9906,2007074.7859,28039.5199,56079.0399,224.3162,1.5,38.1972,0.6658,932.3327,8.6645,8.9173,928.9944,0.0,0.0,0.0118,0.1469,0.121,43.6901,0.669,0.3345,False
S3,B 20->6,brief,S235JR,0.3,850.0,750.0,1.5,1,1,forward,False,20.0,16.0,4.0,20.0,20.0,300.0,300.1943,499.6764,18.84,5.9201,0.1037,19.0342,True,38.7298,0.2231,8.6423,103.5296,1.3227,136.9436,1591656.1531,30902.5136,61805.0273,247.2201,1.5,38.1972,0.3331,1074.4258,7.2395,5.005,1070.7686,10.0,40.2518,0.0093,0.0582,0.096,34.6472,0.5306,0.2653,False
S3,B 20->6,brief,S235JR,0.3,850.0,750.0,1.5,2,1,reverse,False,16.0,12.5,3.5,21.875,37.5,300.1943,300.3108,639.3376,18.84,5.5375,0.0969,19.0342,True,36.2284,0.2469,10.221,122.9305,1.3814,169.8103,1847142.3204,33645.0547,67290.1095,269.1604,1.5,38.1972,0.4262,1030.5169,8.1477,6.8658,1027.2196,10.0,44.1877,0.0108,0.0865,0.1114,40.2087,0.6157,0.3079,False
S3,B 20->6,brief,S235JR,0.3,850.0,750.0,1.5,3,1,forward,False,12.5,9.5,3.0,24.0,52.5,300.3108,300.372,841.0624,18.84,5.1264,0.0897,19.0342,True,33.541,0.2744,12.2732,147.9789,1.4574,215.6612,2172518.0995,36769.1941,73538.3883,294.1536,1.5,38.1972,0.5607,983.0318,9.245,9.6937,980.4845,10.0,49.3515,0.0127,0.1339,0.131,47.2915,0.7242,0.3621,False
S3,B 20->6,brief,S235JR,0.3,850.0,750.0,1.5,4,1,reverse,False,9.5,7.5,2.0,21.0526,62.5,300.372,300.3927,1065.2723,18.84,4.1852,0.0732,19.0342,True,27.3861,0.2364,12.9475,170.8808,1.4833,253.4649,2085080.6516,29129.2885,58258.577,233.0343,1.5,38.1972,0.7102,931.133,9.1601,9.8134,927.7231,10.0,52.3424,0.0122,0.1628,0.1257,45.3881,0.695,0.3475,False
S3,B 20->6,brief,S235JR,0.3,850.0,750.0,1.5,5,1,forward,False,7.5,6.0,1.5,20.0,70.0,300.3927,300.4006,1331.5553,18.84,3.6243,0.0633,19.0342,True,23.7171,0.2231,14.1128,203.2994,1.527,310.4476,2211793.5481,27004.2289,54008.4577,216.0338,1.5,38.1972,0.8877,875.3807,9.2765,11.3461,872.1447,0.0,0.0,0.013,0.2159,0.1334,48.1464,0.7373,0.3686,False
S3,A 12->10,recommended,S235JR,0.3,850.0,750.0,1.5,1,1,forward,False,12.0,10.0,2.0,16.6667,16.6667,250.0,250.1014,599.7567,11.775,4.1852,0.0732,19.0342,True,27.3861,0.1823,9.9862,122.5757,1.3734,168.3512,1152855.7768,16105.7888,32211.5775,128.8463,1.5,38.1972,0.3998,1015.6672,7.8442,5.0272,1010.6062,0.0,0.0,0.0051,0.051,0.0701,25.0954,0.3843,0.1921,False
S3,A 12->8,recommended,S235JR,0.3,850.0,750.0,1.5,1,1,forward,False,12.0,9.8,2.2,18.3333,18.3333,250.0,250.1126,611.9692,11.775,4.3896,0.0768,19.0342,True,28.7228,0.2025,10.5765,125.4564,1.3953,175.0453,1257231.2801,18370.601,36741.2021,146.9648,1.5,38.1972,0.408,1015.6672,8.3026,5.8063,1010.8358,10.0,52.7358,0.0056,0.0568,0.0765,27.3675,0.4191,0.2095,False
S3,A 12->8,recommended,S235JR,0.3,850.0,750.0,1.5,2,1,reverse,False,9.8,8.0,1.8,18.3673,33.3333,250.1126,250.176,749.4724,11.775,3.9704,0.0694,19.0342,True,25.9808,0.2029,11.7168,151.7613,1.4379,218.2142,1418160.8219,18855.5342,37711.0684,150.8443,1.5,38.1972,0.4996,958.0999,8.586,7.2532,953.8398,0.0,0.0,0.0063,0.0785,0.0863,30.8706,0.4727,0.2364,False
S3,A 12->6,recommended,S235JR,0.3,850.0,750.0,1.5,1,1,forward,False,12.0,9.5,2.5,20.8333,20.8333,250.0,250.1299,631.2509,11.775,4.6795,0.0819,19.0342,True,30.6186,0.2336,11.4447,129.4943,1.4272,184.819,1415093.3667,21964.9921,43929.9843,175.7199,1.5,38.1972,0.4208,1015.6672,8.9741,7.0717,1011.2811,10.0,54.2393,0.0063,0.0659,0.0861,30.8038,0.4717,0.2358,False
S3,A 12->6,recommended,S235JR,0.3,850.0,750.0,1.5,2,1,reverse,False,9.5,7.5,2.0,21.0526,37.5,250.1299,250.1972,799.3696,11.775,4.1852,0.0732,19.0342,True,27.3861,0.2364,12.9475,157.8155,1.4833,234.0853,1603720.597,22404.5242,44809.0484,179.2362,1.5,38.1972,0.5329,957.0418,9.4639,9.0631,953.3243,10.0,56.6962,0.0071,0.0947,0.0976,34.9099,0.5346,0.2673,False
S3,A 12->6,recommended,S235JR,0.3,850.0,750.0,1.5,3,1,forward,False,7.5,6.0,1.5,20.0,50.0,250.1972,250.2271,999.0925,11.775,3.6243,0.0633,19.0342,True,23.7171,0.2231,14.1128,190.4615,1.527,290.8436,1725953.4269,21072.5098,42145.0197,168.5801,1.5,38.1972,0.6661,896.6281,9.5483,10.6296,893.4341,0.0,0.0,0.0076,0.1274,0.105,37.5706,0.5753,0.2877,False
S3,C 15->10,recommended,S235JR,0.3,850.0,750.0,1.5,1,1,forward,False,15.0,12.2,2.8,18.6667,18.6667,200.0,200.495,858.5307,16.485,4.9525,0.0867,19.0342,True,32.4037,0.2066,9.5644,114.2258,1.3574,155.0493,1006078.0513,16478.3287,32956.6575,131.8266,1.5,38.1972,0.5724,1042.9324,7.7435,5.2469,1037.5381,10.0,47.0685,0.0032,0.0262,0.0617,21.9004,0.3354,0.1677,False
S3,C 15->10,recommended,S235JR,0.3,850.0,750.0,1.5,2,1,reverse,False,12.2,10.0,2.2,18.0328,33.3333,200.495,200.8034,1045.7993,16.485,4.3896,0.0768,19.0342,True,28.7228,0.1989,10.3846,134.8535,1.3881,187.1964,1078852.2131,15764.135,31528.27,126.1131,1.5,38.1972,0.6972,990.4696,7.9157,6.0968,985.0039,0.0,0.0,0.0034,0.0344,0.0661,23.4845,0.3596,0.1798,False
S3,C 15->8,recommended,S235JR,0.3,850.0,750.0,1.5,1,1,forward,False,15.0,12.2,2.8,18.6667,18.6667,200.0,200.495,858.5307,16.485,4.9525,0.0867,19.0342,True,32.4037,0.2066,9.5644,114.2258,1.3574,155.0493,1006078.0513,16478.3287,32956.6575,131.8266,1.5,38.1972,0.5724,1042.9324,7.7435,5.2469,1037.5381,10.0,47.0685,0.0032,0.0262,0.0617,21.9004,0.3354,0.1677,False
S3,C 15->8,recommended,S235JR,0.3,850.0,750.0,1.5,2,1,reverse,False,12.2,9.9,2.3,18.8525,34.0,200.495,200.819,1056.2808,16.485,4.4883,0.0785,19.0342,True,29.3684,0.2089,10.6697,136.3337,1.3987,190.6853,1123701.5672,16767.6592,33535.3184,134.1413,1.5,38.1972,0.7042,990.4696,8.1302,6.5243,985.1435,10.0,48.7941,0.0036,0.0362,0.0689,24.4608,0.3746,0.1873,False
S3,C 15->8,recommended,S235JR,0.3,850.0,750.0,1.5,3,1,forward,False,9.9,8.0,1.9,19.1919,46.6667,200.819,201.0234,1305.818,16.485,4.0792,0.0713,19.0342,True,26.6927,0.2131,11.9748,163.8967,1.4474,237.2181,1272231.2693,17350.0462,34700.0924,138.8004,1.5,38.1972,0.8705,936.3494,8.5359,8.2793,931.3035,0.0,0.0,0.0041,0.0508,0.078,27.694,0.4241,0.212,False
S3,C 15->6,recommended,S235JR,0.3,850.0,750.0,1.5,1,1,forward,False,15.0,10.6,4.4,29.3333,29.3333,200.0,200.8326,986.4596,16.485,6.2093,0.1088,19.0342,True,40.6202,0.3472,12.8211,128.2688,1.476,189.327,1541301.4236,31323.3944,62646.7887,250.5872,1.5,38.1972,0.6576,1042.9324,10.3137,10.7662,1039.566,10.0,53.4117,0.0049,0.0463,0.0945,33.5511,0.5138,0.2569,False
S3,C 15->6,recommended,S235JR,0.3,850.0,750.0,1.5,2,1,reverse,False,10.6,7.5,3.1,29.2453,50.0,200.8326,201.2221,1391.4976,16.485,5.2112,0.0912,19.0342,True,34.0955,0.346,15.2198,156.0527,1.5651,244.2409,1674055.6013,28778.3852,57556.7704,230.2271,1.5,38.1972,0.9277,986.1543,11.4656,13.8391,982.1842,10.0,61.6499,0.0054,0.0714,0.1026,36.4409,0.558,0.279,False
S3,C 15->6,recommended,S235JR,0.3,850.0,750.0,1.5,3,1,forward,False,7.5,6.0,1.5,20.0,60.0,201.2221,201.3272,1738.4639,16.485,3.6243,0.0633,19.0342,True,23.7171,0.2231,14.1128,176.9838,1.527,270.2625,1290137.4369,15751.5454,31503.0909,126.0124,1.5,38.1972,1.159,920.5343,9.854,9.8775,912.5869,0.0,0.0,0.0041,0.0688,0.0791,28.0838,0.43,0.215,False
S3,B 20->10,recommended,S235JR,0.3,850.0,750.0,1.5,1,1,forward,False,20.0,15.8,4.2,21.0,21.0,300.0,300.2052,505.983,18.84,6.0664,0.1063,19.0342,True,39.6863,0.2357,8.9095,104.7987,1.3326,139.6512,1663239.1261,33055.8954,66111.7908,264.4472,1.5,38.1972,0.3373,1074.4258,7.4597,5.3916,1070.9002,10.0,40.6959,0.0097,0.0616,0.1003,36.2055,0.5544,0.2772,False
S3,B 20->10,recommended,S235JR,0.3,850.0,750.0,1.5,2,1,reverse,False,15.8,12.5,3.3,20.8861,37.5,300.2052,300.3119,639.3353,18.84,5.3768,0.0941,19.0342,True,35.1781,0.2343,9.9898,121.7244,1.3729,167.117,1765178.7608,31262.1927,62524.3854,250.0975,1.5,38.1972,0.4262,1030.2043,7.9646,6.4126,1026.6403,10.0,44.1175,0.0103,0.0827,0.1064,38.4245,0.5884,0.2942,False
S3,B 20->10,recommended,S235JR,0.3,850.0,750.0,1.5,3,1,forward,False,12.5,10.0,2.5,20.0,50.0,300.3119,300.3616,799.0368,18.84,4.6795,0.0819,19.0342,True,30.6186,0.2231,10.9318,141.5354,1.4082,199.317,1832898.5084,28450.1378,56900.2757,227.6011,1.5,38.1972,0.5327,982.5228,8.2469,7.2846,978.8633,0.0,0.0,0.0107,0.1073,0.1105,39.8986,0.611,0.3055,False
S3,B 20->8,recommended,S235JR,0.3,850.0,750.0,1.5,1,1,forward,False,20.0,14.1,5.9,29.5,29.5,300.0,300.3044,566.8008,18.84,7.1915,0.1262,19.0342,True,47.0372,0.3496,11.1473,114.4655,1.4138,161.8333,2284814.709,53471.2108,106942.4216,427.7697,1.5,38.1972,0.3779,1074.4258,9.2822,9.2653,1072.5899,10.0,45.0351,0.0134,0.0948,0.1378,49.736,0.7616,0.3808,False
S3,B 20->8,recommended,S235JR,0.3,850.0,750.0,1.5,2,1,reverse,False,14.1,10.0,4.1,29.078,50.0,300.3044,300.4159,798.8925,18.84,5.9937,0.105,19.0342,True,39.211,0.3436,13.1439,134.6937,1.4881,200.4382,2360643.1534,46377.8199,92755.6399,371.0226,1.5,38.1972,0.5326,1027.5548,10.3934,11.2796,1025.3491,10.0,53.408,0.0138,0.1382,0.1423,51.3866,0.7869,0.3934,False
S3,B 20->8,recommended,S235JR,0.3,850.0,750.0,1.5,3,1,forward,False,10.0,8.0,2.0,20.0,60.0,300.4159,300.4393,998.5377,18.84,4.1852,0.0732,19.0342,True,27.3861,0.2231,12.2221,148.3449,1.4564,216.0548,1777601.3713,24833.698,49667.396,198.6696,1.5,38.1972,0.6657,971.9411,9.1031,7.8963,966.7053,0.0,0.0,0.0104,0.1301,0.1072,38.6949,0.5925,0.2963,False
S3,B 20->6,recommended,S235JR,0.3,850.0,750.0,1.5,1,1,forward,False,20.0,14.4,5.6,28.0,28.0,300.0,300.2861,555.0263,18.84,7.006,0.1229,19.0342,True,45.8258,0.3285,10.7528,112.874,1.3996,157.9833,2172947.2289,49589.6182,99179.2364,396.7169,1.5,38.1972,0.37,1074.4258,8.9643,8.5002,1072.2163,10.0,44.1884,0.0127,0.0883,0.131,47.3008,0.7243,0.3622,False
S3,B 20->6,recommended,S235JR,0.3,850.0,750.0,1.5,2,1,reverse,False,14.4,10.4,4.0,27.7778,48.0,300.2861,300.3986,768.21,18.84,5.9201,0.1037,19.0342,True,38.7298,0.3254,12.6036,132.6807,1.4685,194.8424,2266447.2199,44003.7982,88007.5964,352.0304,1.5,38.1972,0.5121,1028.0279,9.9815,10.385,1025.5653,10.0,51.637,0.0133,0.1276,0.1367,49.3361,0.7555,0.3777,False
S3,B 20->6,recommended,S235JR,0.3,850.0,750.0,1.5,3,1,forward,False,10.4,7.5,2.9,27.8846,62.5,300.3986,300.438,1065.1116,18.84,5.0402,0.0882,19.0342,True,32.9773,0.3269,14.8695,160.1651,1.5527,248.687,2463735.2976,41031.2624,82062.5247,328.2501,1.5,38.1972,0.7101,973.9283,11.0495,13.3152,971.5495,10.0,59.293,0.0144,0.1924,0.1486,53.6307,0.8212,0.4106,False
S3,B 20->6,recommended,S235JR,0.3,850.0,750.0,1.5,4,1,reverse,False,7.5,6.0,1.5,20.0,70.0,300.438,300.4459,1331.3544,18.84,3.6243,0.0633,19.0342,True,23.7171,0.2231,14.1128,181.5391,1.527,277.2187,1975351.2716,24117.4579,48234.9158,192.9397,1.5,38.1972,0.8876,912.2564,9.7481,10.1317,906.7166,0.0,0.0,0.0116,0.1928,0.1191,42.9995,0.6585,0.3292,False
